id,actual_churn,predicted_churn,churn_probability
9dc24a7803c951a56697d7c2fc3cf815,0,0,0.48465741456628925
1899ebe335dd72b5ed94f6a7310eb02e,0,0,0.2132311217418321
85730a9de2afa781f2ab0694dfda2b91,0,0,0.49493876944551546
c1fa1e2b4d2235267c26e4c8de500a4f,0,0,0.300566475615501
884f2029aca319d586b40744532ea519,0,0,0.3220429166820055
1cac58bc04a00fec12634864fc4ee065,1,0,0.42104611793870034
b25b3f63ec641025671add0aa9dbfd7f,0,1,0.6099122184334436
fded4c1730562cc65cea670405097d74,0,0,0.3437858129899937
dc7baf4178daa23a0f3996d960f4921b,0,0,0.3164839675621975
aefd26a2259d50591865335dd984fd68,0,0,0.2927875780424242
d22c26645aaf1e17d9507e1972605a66,0,0,0.4147436057510031
b9be6e580d4dd25b542d34d890bbbe6c,0,0,0.29655612033967615
5ea0f3d017d811880e9b89ec3eec7690,0,0,0.40622070867390825
1aa498825382410b098937d65c4ec26d,1,1,0.584674048980214
877b1201afdedd6396019dd2a52f4087,0,0,0.4468738420329079
fb41329bdd056d4214ac0afdae6800da,0,0,0.25137103996374627
b85ba4f81e37132ffe5fb09dd8ce4645,0,0,0.45056149961066305
f1e9c2f4cc3de37cd326e9958fb4474e,0,0,0.19022553302888703
0019baf3ed1242cd99b3cb592030446f,1,0,0.4163187269395894
687f5d82ef218993f29c850339e1c6af,1,1,0.6843544951567546
2d10e84ee24aa19c793c543af7d96ac7,0,0,0.33717885626777233
db5ea77f2133960bee3df2cef82613a7,0,0,0.2630675576378669
da8e6eb74a0884680cb0e03804d58627,0,1,0.5321143246527233
f2899bfced3e4c56c24348361f96cba9,0,0,0.3179755359586489
4b9699e29fdacb79af22fde808e1eb8d,0,0,0.3575650823040011
38d588eb67479cfcc606dd57a1f15479,0,0,0.3177268968811295
7dd5418b8da3ae3f6309c486aad6dc84,0,0,0.31146598227313066
8dafabb5fd42fb83235d4fce72e1a58e,1,1,0.5135888290629738
5e165b5989b84c4b12e9c69073c63907,0,0,0.22328208429767962
27f6c6e7af7eb79c3308393b7b554cfc,0,0,0.474900445149777
b5f7ab4f3a0b52aee59b9fe0368558bd,0,0,0.2729192183644631
d61687abaa69d233f6d0586924cdc5f2,0,0,0.3329078120006703
971233df2fa2563e4a0f0bc54ed27bff,0,1,0.58036549472958
40f034bb768f6fc45d54b443b6bec4f9,0,0,0.26950411379506667
75aec3ed0793cd84fb4ca2b5242f9d98,0,0,0.15560585847660133
4c9e31ba25ebee3edec222528509e021,0,0,0.41586320176162817
cd54cd7cc331502b530ae521f9506786,0,0,0.38670597992062483
d0998eb4e105517a07eee62f69673954,0,0,0.46663688937199077
318e7476e64371cb26f2f408559bfafc,0,0,0.19404292358434727
2eb94fcddd3d7c56c0045012ac12c9a1,0,1,0.5211182498175574
d0fc263cc966915831c87910ee402c15,0,0,0.3822163283625797
0c15cb7520215185d29b8f0cccaf1a74,0,0,0.29741713253920143
0f332126a79201ee218117509780937e,0,0,0.3206599541445519
b878a2beb4488c331399d12cdf455652,0,0,0.32907918608354203
e94ea019db4173083e14ff82278f1e7e,0,0,0.24325788539355894
cc7bb3da645cbea795d499e6a7c10c0a,0,1,0.5397354317473613
fa902c7109273c1878f59dd52c9fb0a8,0,0,0.21738167944767717
f65bda3834f435369a7aa2c4a1701f4a,1,1,0.6516519795371
90b95e64f57033baccec0cb1a3d080b9,0,0,0.1018164894040592
62f6cec26790d2c906b78d5d01cdf9a5,0,0,0.2302092299895149
863728a30a4ce5074eb1a6cadfe7de24,0,0,0.38174468577853304
90d33e096ae39c52ee42dc49a825a356,0,0,0.4418167493057219
16f51cdc2baa19af0b940ee1b3dd17d5,0,0,0.3877452646056656
d1c53bb9a32ea2f51aa205c1ba2804a5,0,0,0.323656430827842
f2b0204611da722911fa42d1f13d85e2,0,0,0.35507767118857175
140a3be9495e47c31884140d336c7a6f,0,0,0.35511073456239134
73176e41cd19bd4284628936cded8f7b,0,1,0.5007045941176622
77a1e6ca6bf4fde8abcc9799c83995d2,0,0,0.4547718949204364
f2d6b3b9eecc1e3afc36c6f8a3612024,0,0,0.38614564925105094
6813b5d674d951ff92baf485658f5ce7,0,0,0.12944907219992116
a4a0606e7749d338a4015ae9eb23ded9,0,0,0.251361476156844
6953327f8e84ae20ce093e9867490d78,0,1,0.5268480789949817
974dc5c87a4ec1da8da3c501cdf91cf8,0,0,0.24753800831616082
31e9bc90d5ae736358ad4a56c814f46e,0,1,0.5346033369733451
95bedb2df268001cc64f259afccf2018,0,0,0.3071216333536832
f870e2b3f3bda049f468af4a7e0cf1fb,0,0,0.3351028163920444
c5037389dd8be351d3c40f2973da2391,0,0,0.2890215971740842
db5874461496e5babb9d32fd7f7612ce,0,1,0.5776611966161826
861b390b284d94c6495eea705b307868,0,0,0.3289773517209637
5111f165779177a6fc30ea1fc34fff67,0,1,0.6669268672722966
520c9dc0d6bc708883e526b1d699fcbd,0,0,0.3438763411447157
9bf6da6572e1d5bcf0f659909efeeb54,0,0,0.22495437443636657
eb2e85d567ecc5f27e376b7bbfecb6bb,0,0,0.4357669194593033
b1d243e23a5f786cd4263133fff32be8,0,0,0.3700030815297605
f74a9118eb3830eae217d30c7d77d24d,0,0,0.3052077123710668
9741e25c0b0b84e64ef85f3d9c81fe6c,0,0,0.23932146149280573
17de083318fe87827b2b42c137a3bc75,0,0,0.4707679467344089
aa05eb01e8593054293c2794bd75c3d2,0,0,0.3299975241787702
392ded6b1cc658b2079ccde54eaf7dab,0,0,0.32903256485453475
e7d825a60a4bd713464e4269ee19d8c4,1,0,0.2512601585699931
2685f7cb5b099832f8b8439ace4cdf67,0,0,0.40538766376160096
4b736384ab93cd609134cd8fb68263cb,0,0,0.11628949219555011
f1c7d86018dd155dfc09bd9ac2da9217,0,0,0.39035532689519725
e4241a4a55649996c499d55d2856d0a7,0,0,0.3772199646065236
508da05278895158f5ae383d28c7013b,0,0,0.34760636620969015
8b5d236ab7d880c90ef0f40892ea3f88,1,0,0.28852779980592125
0a7fe462b18c053e8eac078a8a9f9726,0,0,0.4023996338858427
779c96f9e080bf05896631ff0f75a049,0,0,0.0415772050984279
9590c7a6100ae76ec078aa177ffb8d0d,0,0,0.4004003900513644
551d895703db288c02dccd7338827898,0,0,0.26035765781303327
b22ddc213989837377e93f53902ff39b,0,0,0.4102948275651106
298619a8a677d264ef12304f32ad5e98,0,0,0.45416119814096484
813798eb20e42bbdb193244cb77b5d69,0,0,0.37260540460063607
ed8a42c8613979b849b272219ba67534,0,0,0.006071965445416811
2b344034600d369e272a657890cc478f,1,0,0.45176252960216456
6e4c33596b12174d63b39a8709be4175,0,0,0.31641568224594524
84676bbc82335d49bf839d22d432d7f4,0,0,0.3420498672407821
c31bd526c120d716e364ca93832ca80a,0,0,0.4380093955902102
a2d2c0e3ff622f31ba976c16cfd4f30e,0,0,0.34750913469340866
84bced976a0981144ba9adbdd1f78e2f,0,0,0.2690566398164264
be2111df267c16d4a6f6d2b0da5bba68,0,0,0.30137975494639774
938bc69659472461c1958c35425f0438,0,0,0.3875998855763749
301d02e74f17c218d25c1a1c78c54812,0,0,0.2701794608756644
58c9e4b67ca744015083e8952d63001a,0,0,0.37835872786645924
5620b5bf0a0fe8e61c9a0407c22e8356,0,0,0.4463998351568573
0b0da18e644bac389ba02ab23e1487ed,1,0,0.4115148730081571
0d70ae3a5e62d6bb95b9ab06255036e3,1,0,0.23808740620023008
90b7a922b23a50863a94055c655cc316,0,0,0.2830536307373622
fab029f540f161a9d99e8ec419881551,0,0,0.411368422972698
4d018ff440152e04f42cd0bf302533af,0,0,0.3233663627489133
977f76e89dfe1ac9a74b79c08583bbf9,0,0,0.36370961811565244
b57cb8e6ea3d48c3602c62064ec69693,0,0,0.03694400252718328
7aaf1b8832cdd5ef1845a369e43a287d,1,1,0.5692859180232042
3785badd7190f40b2b180fa303400876,0,0,0.27152808011540064
fc9e34ebcb4e326838dc5ca505a91faa,0,0,0.3477576003604224
b0951f819536e27b5d47cf61d295c599,0,0,0.3575088123670072
ac42a9663dbab085281a0f59256cb755,0,0,0.1305800524237703
23fd68a696417a48402d576d45872d2d,0,0,0.27043737607346374
376e9f2141d4b0fd033735e086e92560,1,0,0.3729273306687669
c60599466a649b339f3cde045368d823,1,0,0.3508538017281947
58c5b77df784e412a06ecbec07ed68a0,0,0,0.1961862339831347
3e459d61dc831e29f8a9a9a59f95efd2,0,0,0.32265049885933267
a5702b0fd99c294d783ff8096b70bc95,0,1,0.5555198665981504
d64c94975f7de95d79b07b8810844101,1,0,0.4490183867799298
2e068172f26537586399007ace621740,0,0,0.4859632083379516
7dab43b9355ae5bb9cbcce9dafce9d3b,0,0,0.3164442062010617
29d1d706f21d73c92c8952099e074e3c,0,0,0.46200858564584624
7e20c62ad09f035c4dd13abf09b12eb2,0,0,0.3771010381295627
a53cfe6f2c808a0328e0d202a128bd9c,1,1,0.6423393470831684
96e67f7c29609bbfe217e478c51162b4,0,0,0.19613341958294817
aa05443c0f9279204914a8f2377c3da4,0,1,0.5852053048377023
87957d998d168de378483a48fd1a57c1,0,0,0.3135862959843748
ca9b6cdc599b018bc0103a7d106f3c4d,0,0,0.3354866815350992
872f508faccdda66098da8c9ff37e613,1,0,0.38708358966620204
a73deebb6c51532ad928b457388dfe95,0,0,0.4250256850486618
65b8f31148abb2750179395948d62197,0,0,0.0318585803238685
a6263e7e24b20a5d189ff04de2e23ddb,0,0,0.32038195314396134
933482c9da55e25cbe087056dc514cb2,0,0,0.29572724838779646
dd842b2bd493fa4e0a144276846443a0,0,0,0.43824537346928066
5c80e581b5666f737ef94e4c67ddb536,0,0,0.22198644022075287
635c4aa347601fbbf839bd92ae5530d4,0,0,0.22352554146283166
1a42658301a1cb31715dfb8a35d334c5,0,1,0.5087587971417284
48457fc7f5848691bbc5b6f705745878,0,0,0.3853323289670482
66f9e90551c1fe6d78932c3524746a20,0,0,0.27425322491591425
3a87746a9e8781d86804c7f055befd4d,0,0,0.35681414719058757
806222933f8a1da9af7e733ff49be88c,0,0,0.21883483399576914
0e99d3ad91f869df5db2c4ac4f309b84,1,1,0.719868706225852
ef716222bbd97a8bdfcbb831e3575560,0,0,0.4010130008218067
774336e01d47c5f1d1977a0cfa79c072,0,0,0.16512867204287773
a17f13e872b4e91523e2f868db5fdce7,1,0,0.2672460313113518
0a43f2f6d9f311ee5e64c135b049e0a3,0,0,0.3662682194852125
3d92171943e9fbd532dbf945106ed35b,0,0,0.34186169997535276
2f9f4698fb802e00b920c9bf2cb2a2eb,0,0,0.2761044292036913
a3fd33cf338605e6f76cda362a353b2d,0,0,0.27460323180868185
c965fd886b88a2a2ce86d3aeffcf351e,0,0,0.3241932144224186
f885383f64749267cdaccbf7d76a12e1,0,0,0.03296973426395943
4726b4f9d23a6ec7fcd58488d116be7d,0,0,0.402088935085893
9b6644d87aed45e000ed9109fd86ff1c,0,1,0.541101146817017
c892f1b4816bbc463871b3d656ecdb10,0,0,0.36436623333903007
fc38f0fd2ec022a2a820bd9552913363,0,0,0.25878883697153354
d55bd90b794e7104435cb9d991a11206,0,0,0.4126349045335864
37a736a704d2de572db217142aa4b92b,1,0,0.3976685847532213
71a3d4f52675b0fd61a8cc05781f24f7,0,0,0.119977017206425
e141ecfd59c1b2494fda9e3d865a51ab,0,0,0.36473636765804135
95cdcddc8ac9aef9232be9e11dbac566,0,0,0.30531158069712594
8d5956d006ca1dc09b2a106b6b090c75,0,0,0.3912164850777392
48b5af9ffd6cf69a1140016bcfa3626f,0,0,0.3239644174628468
e239839c892fdd7b14c8c7d34da65500,0,0,0.24404904030467275
07eeda818f009babed0c60f98750096f,0,1,0.5619704928953212
1e350761110290a14e0d3fdf23e1c68e,0,0,0.2784790058718749
6dc6ec5e90ecb169884d5f347a931972,0,0,0.4717946087151438
bfa3967e0997db999ecd7b877c39705a,0,0,0.28956793233414113
aece5d11a55b581bb3e65d83fda3f6c5,0,0,0.08594626876653068
1b0889ab2be05934f2a6f7cea6bedc73,0,0,0.22746745746850525
153b6e94a67c8c49e8352ee5b510349f,0,0,0.26996988801581306
c7af5becc5ac7218852d8bec4e3fa997,0,0,0.39539525452717106
aea303fb804fea8d1e7c8af21f80b8d5,0,0,0.38871336917799953
a17e18d2d31ae3b2940958f7e56ef6ab,0,0,0.2753237646260779
4b167f96b89683199b208c652d186115,0,0,0.3647216283095595
71a63d4975a16d03fd56f3446553a6cf,0,0,0.2793626666468007
b150f92736a179e8dc2fcff92b26a89f,0,0,0.32158276632328436
70c87e68adcc03fd0212c1956672558c,0,0,0.3674484075417121
ced541627c502553b7d972348de4dca6,0,0,0.37654587273933054
819bf1b53a07cf7fc51cb4ababdda8a7,0,1,0.5806581230847672
117385ef51398f1527ff7d57a006a6c3,0,0,0.3104478034091576
8844f9469daf431cad49b35859d460b7,0,0,0.4469101467691112
413fcd8c2f415f1e829873c4ad5fff77,0,0,0.2728692956486422
465e8b85dd1a126857917235e03a1fdd,0,0,0.3309370865883985
8f9d6efc1ac84dab593449c74c9fd94c,0,0,0.3785655543254347
27f542d0ea11d48fb58a11f566a88248,0,0,0.3191806282408416
a80e3af95eaace07f6f72b5dac2ce07a,0,0,0.2569310166323532
3a3112eb67fe93444f59c8771cf306cf,0,0,0.34104822192968626
553c4d5c51c34617cfae8c27a010e3e7,0,0,0.21000851355137956
543a24f3627b20a2a17041e520048993,0,0,0.2824382918950092
c13673ff9a7d44191ef0cee2c4b5847c,0,0,0.4808282975172346
8f49fc192beabb2e9da4ef13a9e6c28c,0,0,0.29587879918649684
cb0e745f7ab3812274c4e4b822694a78,0,0,0.2275026213590255
79585921d605cf2d24d8d774bec07915,1,0,0.33996691287604824
6b8b75db01e33c274a82138c57c597fd,0,0,0.130926273120614
4d4a8d5a884e49e2a8f7994b21a3cb18,0,0,0.28489359635686357
c5d1df95f4dce97f9cfbd7508a8dc27e,0,1,0.5299453350698432
05fa0ee7f0adfd09e26595580b5bfc8a,0,0,0.2871743691908896
f3629c694c047045c2648a21050b7cd6,0,0,0.3353523932306562
f294522de112b4ebe0c9b4f484c5778e,0,0,0.32079150641751153
d6883c4fb99429cfc20b53d38e66a76d,0,0,0.053404808397809776
d3ed86e4cf6cfea28607f3b157c9ebd0,0,0,0.28379681577931787
a42f6054df849e1f80f1c8e371690a83,0,0,0.15505200421656407
1fad653775eb3d37d4ca6bd8afb8a45b,0,0,0.33793409487338655
decc0a647016e183ded972595cd2b9fb,0,0,0.42612443236019937
5ae7d67f7a0ca9ec8e60ea18b9226719,0,0,0.36445683760988984
44348c529f55db713d0008720c531c37,0,0,0.041673611948193655
e87bdb7775736a284fa29910874e4826,0,0,0.4972570942616334
f5c7117eb38b6ae5a94bab8b902545d0,1,1,0.5095876967544448
fd44aa1b1d6216abb6b4f51bb5b9a339,0,1,0.5198329348834068
1af226fee2225f07d29791cb044cea42,0,0,0.22704883661871417
b91726e67aecbc5777bbbdcaf6776543,0,0,0.4324061784827805
9ad5f18b5063556b029abfa78ddd1065,0,0,0.4411293716916701
f0f87b5b9b459886926f3997f51e5270,0,0,0.24210166196898167
b8ff9f1d201b7947078be7c4a697b548,1,0,0.11855085076666956
79c7bef0228270d2653ecdb20753f280,0,0,0.3323293750810922
5770d7dfa8b7e9951c0d100a53477f3d,1,1,0.584005986812042
5d5efa67c7b7ece7daa0541c89a2211c,0,0,0.39548968339909313
aee06f8212dcb10e571b6e2c56d3f897,0,1,0.5329077206413576
d1a09426f9cc816d2852a0336b33eb4f,0,0,0.3550382896754366
f749d9392595eb54db488941557f9ced,0,0,0.42688390406513027
b93b992f45230def576e1ca91e1fcddd,0,0,0.48632387745168876
f61a8b6d3d90877f997870c3625f252b,0,0,0.2918347188138991
d0cfa2bba91c860a8c58eac59a68ed39,0,0,0.38097655203497477
f25560246d10ec5768e34f638daefd16,0,0,0.28596238505108285
279544acb772ee01538ccace64d3d374,0,0,0.32504105823602225
1c260fb958bad7b32bbc074db39c49d5,0,0,0.4036967046220099
ce903138db1803eb07346d14916baf27,0,0,0.43250877522501446
81d47fd97b2de6ee431993377a8b0407,0,0,0.4172603634599352
a089ce2138ae52e6136a0d53310a9a91,0,1,0.5478431050945336
bb57b64fdb8c0f197216ac3896ed091d,0,0,0.3391236341719168
3c99ebf3349088b13e46583b80c4b72c,0,0,0.26862337913784873
ba75f7dce1b7f5de86da88b51eede292,0,0,0.351408403071374
fd263c42eb2c802091521c7a74e64809,0,0,0.4566243356618396
29a6802fe7fd274cd7c9196ce1243994,0,0,0.320616095623391
8a95f31cf0bbf587e821ef30a21ad8cf,0,0,0.37994509248009867
b59e36cd4db55e60a07c642a369a59eb,1,1,0.5847920517669578
48b01380bebbb6f9edd847ba4a7216ce,0,0,0.4140682053114428
2e3c7d7f4512018512f7adde9cacf2ad,0,0,0.27906579285192945
0580216fd8b3a562087d52673f6ba63d,0,0,0.4691256062961873
6b1a7e05c79fe1679b64f9f1c62a2f3d,0,0,0.3032890869945175
f40cdc0cf1d4ce2dbeee483168d70dcc,0,0,0.26330925755000856
a2be5a2296f491bc45ff3e11c0e635a5,0,0,0.34891425263077536
363fb0a2842a8cb89126b0277128be82,0,0,0.3642388553572837
be732435968e4d66a3669b0fc98471de,1,0,0.4068439303907104
15d894cf7f91217407607c1b8bdeb0ec,0,0,0.23180978639703662
7acd9ec2138402822cd5d94c92af2c2a,0,0,0.19273247185024864
5cfcac16bf76d95edd04209bfbff0895,0,1,0.6400314546386953
4e11ced805c3075ec8b49af0d80fa3d0,0,0,0.21988719969807666
978cfd9706f6b7cfef17b65aec9375f1,0,1,0.6487654111811222
f831e8bde743fb50dfdab46d97afcadd,0,0,0.40222768432112
4c23d34b6c163c4b4b5b45aa6465c99f,0,0,0.20547852595736685
5161dcee4528a1156956622004ea5f1c,0,0,0.2642536289722881
f0ea530484e149f221ee58c16f5c7c16,0,0,0.3685628718644651
3f9d310d3960f00bd678ab0ce8909374,0,0,0.20671114969271884
617705e9fdf121db739c45ed8c1e32b7,0,0,0.29970472559425604
9ace26224f731cae078f0d8385429336,0,0,0.16417845353607138
1e872f9f931acf6eaec9a7749afa06fa,0,0,0.4701443395623268
7ddcc73ae64f13d7beb6d9d02b676c64,0,0,0.24888930709786333
6661cbd49d01771543125828b63bcb0f,0,0,0.2767325913208613
73a61fef9ba85cff78e79c80207c65e2,0,0,0.23683339242464535
eb1b59b477ddaf14512427084a0bc0c5,0,1,0.5702110263454563
2f19202d9fa1590f48e493474fb90d5b,0,0,0.3852442887817624
6c13700b7435b2547163d04008bf3975,0,0,0.22692027777285717
98875c3b8d6c537854593e8e1f3be168,0,1,0.5519344809510225
f092a206a5fa5087630a7f45789fce7d,0,0,0.2851511711829105
ba9fc7bfe04f88e5157dfd360c12411f,0,0,0.47501385679712377
125c5006c2d66bc1db76e19b1909f002,0,0,0.40428058074723183
f72ad239de219787d6793b50a76d0b2d,0,0,0.25661460317987184
9ca99730528150e8fb4a7ffe20b65f7e,0,0,0.34291820179396326
a956e7ddc069887fa85ed8eea869dd8c,0,0,0.3194092577296772
95592d0d8915156282e3cc5363d4a377,1,0,0.3953243318341768
5527b959569f92a855faf5f99957190e,0,0,0.3584567195968649
23fea48caee3401fefa8aaf7af211246,0,0,0.18388339363673833
9f6c82f98c01aa0760bd1d4f92c8bfb4,0,0,0.20420133949269373
d993d216a46faf79fcb5b2e8e2cdda7a,0,0,0.3381148907839107
a093d9390458ba682fad8d678d1e60b6,0,0,0.2738559129175343
7b55df090cd9192102d76acea2caa015,0,0,0.29854318960916176
6f66b5b066234c9d6fbb7298274d7367,0,0,0.3908945757316047
f4f6c23ddeeb06a00262b6ec52d40fcc,0,0,0.3951037288518352
2dc2ed2f6f850a665167d36502131713,0,0,0.37469791025651367
9fad2d44af8b7c1b26bbfbaa4f4f37f6,0,1,0.5118240113074528
d9a4449c840e8eba42d9c1545a48e047,0,0,0.4612324441486922
95bb759965460fa435d0355f64026587,0,0,0.34033002203956264
57763b5f38db766fe7092aea9950c411,0,1,0.5390057373451713
14a692d027e5ae49513293efc376cf3d,0,0,0.3608677340489204
40ebcc2aa42ef1e924d4361761387ee6,0,0,0.41232781224341175
0b85d500d01e487cb6141daba0a7aa26,0,0,0.42806172576844076
2a2ca2d22cd49dc9228ccedf54f9e75c,1,0,0.4587264252418571
9574ad98b8d3827f3e551eb1b39b6e7f,0,0,0.28621011140253744
3b7f60542aa2d1d3d25226f144e425df,0,0,0.3515295134165391
b0cf4d5956c9a153ddd70b79b581d8e8,0,0,0.2501946096150747
3242a4641537824d5a494955f7e74911,0,0,0.26650039069774417
592ec7c2977476a6f3cea59f5d93a9ab,1,0,0.43352000774419913
cb264fe842006e54b412de795410828b,1,0,0.4672139419197302
d20aa80fe75de785cf576ff5e1172512,0,0,0.4655212912673554
7c89b49cc5c18f9c7787c0facd8b843f,0,0,0.26207069974038016
663a364bb08052791bb6af207793df46,0,0,0.2444345956300048
1841b9213afc74078d7b50885f023a1a,0,0,0.44307164312547653
2bd0d207eac51f92692a1ec62ac64b01,0,0,0.445732731595615
612018ccbe49b39624f71986081c5bb2,0,0,0.2783982811131965
4747ec6d33861d613ba03fed22df6257,0,0,0.2869923847364777
91d15a6041f1d6a61c04a685174f8130,0,0,0.31898409376597425
95ff86eab178aaaf9fcc5a937f71b607,0,0,0.27160754332432957
ae4ee2c5956ecefc0de255912d84a8a3,0,0,0.24768237208733268
f445770bd681af1e11b803af66da4793,0,0,0.06057139804858837
52f1298144303c30820f1619df7902e5,0,0,0.37912281797786285
ddbb892adc50e7ecc6bdb1a49ca40e8b,0,0,0.2813803519690916
bf3c67d9664f3459e6e04e607a507e64,0,0,0.25470462923300907
1d1197044a25e0601dbd7e21fe566d4e,0,0,0.20529498373855584
bae05c764a6fe28c7d926ca84dec9856,0,0,0.2172119180906389
2af2b93dce7fd047e29ddbffbf10b92f,1,0,0.4703296466184975
1fc1b081f8dadb9cb18fed8a1cbde621,0,0,0.2985223375132662
16af5c5dbe0413f6a2075dee8834eef1,0,0,0.3037748920909984
0b7ae7118e4d4a915f2dfa50f374ea46,0,1,0.5560391063491285
01495c955be7ec5e7f3203406785aae0,0,1,0.5003966354054132
9f3848e2d89ccb7ff3ed4eaf12ce4ef9,0,1,0.5245439176285296
b1f26578b20fad578ac496c3bab06131,1,0,0.39066275535048633
18dcad3e33f1d8b286f5d2e79c58aae6,0,0,0.3597975828529062
ad38801cb2e4a4bcf74b076f5855726d,0,0,0.3190951263696618
e3850a17dd817771d9002baa02cc3c17,0,0,0.29860079221338
892693967a3a44e03ca660b34520fc97,0,0,0.40965511265376237
808d91c71a1d1b99f2bacbb5f00ae75c,0,0,0.33499232654619726
e404d34d761aad91296d853fba768518,0,0,0.22255168065431863
2e4d4c85ec54d0193cd85962af1d984c,0,0,0.23658667849293924
7457d125a702711b9c8efd54eee2077b,0,0,0.34456429583304987
f41819999d1ce710089df08412d12bc5,0,0,0.07133183591052951
a9546308598498958f9de8426b28ac84,0,1,0.5250427024025346
0004351ebdd665e6ee664792efc4fd13,0,0,0.345548504932566
366d892e6c75fc0bf0f6667156b9fca9,0,0,0.44047225138264245
132730d92f25c9fe180b71dbcba4a29c,0,0,0.35671412917109957
b8a0d56fe5aed419060bdd8beb1e91b6,0,0,0.03343934217634765
cb685760aac7647ebcfcae5ced75d223,0,1,0.6162649893895473
79c96e236ea9e4cc8a560f3779049d08,1,1,0.5216383291973679
76979bc99c83112c1ebe6b1f8a51acc8,0,1,0.5761455526226378
accf5f4dd7dcdcfbd08f753ceb26e6ec,0,0,0.4616712191436387
c946795089ab33cb386eab259c4a1be1,0,0,0.2864142350598925
9fd5a90349e120414ca38c3cc94f942c,0,0,0.3363906981949187
a5224b240e68b9c1224a38c62c3080dc,0,0,0.3817038488627646
7f5d176bc7ad2045936ed21994f567a7,0,0,0.48657825161500656
5316219dc285b280997aafae27837f32,0,0,0.25678192278949596
4d1c3626c612bd57348de8ee1d1048ef,0,0,0.2799749356555121
7ac8129e76b028964081289e5523def0,0,0,0.1650417687415767
857ffc89dabfeb0ec4730ed15bd05458,0,0,0.4382797393798824
d2aa0bfc7a18d37638e212071ac61fc9,0,0,0.28029967089294433
1aad53ac16eb71194cbdb586fd7a5cf8,0,0,0.28236260695042315
d5ea14584a332ec78af4215cca90462b,1,1,0.603962488805927
0727e4385573337dc42167c2072dbf57,0,0,0.07222602181587062
588ed615ceee07980b3dcfe70768f2ec,0,0,0.3197216831765188
be3c7fcffe32b94c2b5a6b7891482651,1,0,0.43918789223224997
e376686dee1e07d5863718228a6ccde7,1,0,0.32553291628299064
24aa6f1ce155e2921ca48129762d967b,1,0,0.22390008398656455
526d3b158cdb83222c42b7d60c3de553,1,0,0.3053179396422458
dceccd64635794722dec53e44c48e1fe,0,0,0.2931874464601458
5665d3e90ebdddbba23527e859fe7590,0,0,0.26324831840036256
35ef43919d3a14d6236a973fae6fc433,0,0,0.3738856993503676
f54abeb4766be2892df6de25c6f9659e,0,0,0.3887627141857773
774b7b80430ff8c3d237466e33f78c22,0,0,0.34099026938338445
bbeb6c4a1fa7fe080241d42f893c9296,0,0,0.26007718106127176
8f56b789d3f1111fe9a802435708f6b7,0,0,0.44111028073387365
77cd7427bc88380733890722c4c0c987,0,0,0.36341858992365184
f19179ba302339b9a8d1f9e24dede6f8,0,0,0.2618141762232934
a51a0000d7788aa5b3f017e40458e89c,0,0,0.3684206925219647
d20a3a5067cea9377c7bdcee821033c7,0,0,0.31458382651496547
d2f4d34e2839495d73f431de168ec854,0,0,0.2854370105085255
e440cf2543fcc1872af6080f8f4c1894,0,0,0.2949100961688588
522ae649ec6e24df6fa4ad59b844fcd6,0,0,0.24781438890277882
dced32e7467ae238e806ef1d19f641e4,0,0,0.27889328847131545
7b28b501901c22e0f5edb0d2853a2e34,0,0,0.37915692962159747
7a29cd66cdd209f8bb1b39a0b9c52ecd,0,0,0.3302261511625369
d323804d21c28f6575bfd91759eb854b,0,0,0.40869815288273487
9d07e4d3891dc27a40d2ee303cdec1cb,0,0,0.3255050775498704
9a0496da0ef4a81c51856802af3cc58e,1,0,0.15282913812759785
d00c15e09d7a19ff6d1d705800d7d38e,0,0,0.250259161126058
08dd0dd31d3ffbdb36df65473dea104e,0,0,0.3578472996002202
3b868db6c959e0af11867a460dafaea4,0,0,0.23469525651087822
9184fd8b8105948a4774719f51c3b668,0,1,0.5393596144956423
2722f0c341a5e18fc99a965bab8350f5,0,0,0.2753394195889018
1d8394bfb7eefd81cf36b5853bb7d5b6,0,0,0.2442726317195381
2dba8b1463f72aba229bc8d080d18146,0,0,0.32653602392364045
216c307d0a5aec42ba86a88b5b61cca8,0,0,0.27479166406605754
1b759402d46564abfe8f811f4794ee05,0,0,0.3564862456824264
92c96d20aeb75e02180d498eebd21404,0,0,0.33228957320667907
d6f97f7769895ad655dca227e184b513,0,0,0.22439614239219943
d6d3e7f536a95400faf62771533b0f4a,0,0,0.431968287922521
35f6e82d1529daafa162c6d05c49a9ff,0,0,0.4229408840053568
d174d4df4a71ff209c53da3fc1a38468,0,0,0.2609200261059142
a5f6a5723b4d02869e0a3515556760cd,0,0,0.2648768900466291
55a6bb3b17ca7e8af437191915ef7def,1,0,0.4852537001499566
7b341fdff55e7ed79b10b4923f6d15ee,0,0,0.29790603570229524
5f07b5b94ee0c6e9f69aa95791e316e9,0,0,0.46606837395733
37ed8329b9a8715964c506d6b5b1a4d7,0,0,0.37301070007869297
a020b85d573fa4fb1c2d11f972fe57e4,0,0,0.3784904766070268
a9d9865508803a5368c03d4e5f94e6c9,0,0,0.29113949235622016
d420f92dd9815c4391e5f8b603ad708b,0,0,0.2498640244590266
b772b420dcacaf44f1b15a171ac46345,0,0,0.34682170495821496
620df95e83f8d99b100008071cde79ca,0,0,0.3960361946204354
58d7f66060ea8781d1f37e033960ebd9,0,0,0.4874653710788494
d6aab696e6df60fa55dadbb61f85d61c,0,0,0.3523235659966858
eec152fd197128156da8ca74d56e0db1,0,0,0.3385762693686089
da0b60fb61b3c26d5db38b1b12525c22,0,0,0.3168333158982638
71acad0dc93fdceacde147541ba83f98,0,0,0.20558633735592696
d2fac4838c8faa3af8514065e821b1eb,0,0,0.3107160361432152
ce578442752a46573d876ef5248e28e6,0,0,0.3504109268029033
1afa51686d313907c1cb9bb29da13eda,0,0,0.3026425425008548
9c7cbe974713ff52f00c5489d749031f,0,0,0.42928051972018094
8027bb9bc8ddf35c9070119322d5e952,0,0,0.18098059908708847
f89ef9bc23db89113df05155646bf4ab,0,1,0.5677700514704506
20b988f13156aa2bdab14e4c010f9509,0,0,0.4432028472079974
3106c18908287ab77802fc543e87a008,0,0,0.3054493832480049
641fa1ed30cdaf85d64c2d846708fdc3,0,0,0.29401844366815255
779ed19c936785f2a37e74cbdd9e5d80,1,1,0.5466705959409481
831b4e380c36cb8a1b1c8ef827b7aa93,0,0,0.27921699778316744
fbe8b1f935772df88bb1a72b65f93dbc,0,0,0.25977591804027417
122f97462a85cb35a1c469a198b9242d,0,0,0.15397592245531663
a52da1266c3f651da0b22e8bcbcf6432,0,0,0.2979257294918196
b23f52eb6e858a8668e78695fcfca351,0,0,0.30886712035424757
e6157b9b1870bb22c7efc81872cf0b49,0,0,0.47401131125899165
aca9631d8c38867ff2df3995c746e3db,0,0,0.31936796379415827
d766f436878bdf7c211ad1546e4357e9,0,0,0.2857843193254195
357ee3e79f041a6e508b62948b3d40a1,0,0,0.4533192522366523
f27dd9eb8f21be8061e9c904fc6bb216,1,1,0.6075067161914138
7e0de8efc00ae1159b79e88b4ffc3513,0,0,0.09499959692675254
80cb523b9b5b6480f8d1e88d92bbfd83,0,0,0.3381324772087613
8a6959d9f94c49f1b8bc345763fe1662,0,0,0.36685699903256336
d578e4e4d31eff8ee38ca399d4b3d7e7,0,0,0.3889935192811308
dc87a341339db6c703f49060a28cc079,0,0,0.2290920994981169
5cec9bd27c6108091807b3e1f93f9557,0,0,0.418043957332107
0fb71591cb661e48017565053016eb54,0,0,0.45593074451928145
956041428e4b2dce00a3a5134ebd0d94,0,1,0.5193976476472083
5f9b4aff83da82bcb4a133314c6b4147,0,0,0.2254327980370225
b6dc6ad679fd7356b6f9204d6703de70,1,1,0.5795012241168578
32a71b0355674efff6a49531a62ef5c5,0,0,0.4985884023738984
68941c2d533f944fc5333082749a2c7f,0,0,0.4601938913713433
a747f1873311605008100077d0b5d63e,1,0,0.4373102076696066
74e90146a7038b813d2f4f602c91deea,0,1,0.5307934885260508
fa0af1e1c413058720d847d9d49bc213,0,1,0.5058702093822781
dbbbd91082c2f6650db6fbd593b1a274,0,0,0.2854978515712548
b1fc3560f41c163c8de4c1586e5746d2,1,0,0.4414105018047023
839492301e7c2d24c02c89315f307e39,1,1,0.5108259221179836
952f9cc8ee718243a992e1dd80352169,0,0,0.18754299165823635
c44732b316e76be33c1386da430e6b8c,0,0,0.39239044009297097
1c479da6256a4e2edb6a75ff38477aa4,0,0,0.3556007951683944
12537184842a8da76195bdf921dd78fb,0,0,0.35957330005984645
a98cbc3644cc1fede580b26c4c9fea54,0,0,0.2964676447213995
40483e460b837001802f82213fd7f763,0,1,0.550681690334994
ab979aec7c6b0517cf469348c26001eb,0,0,0.4029796814885962
66ba1d7066c1d430cc17974387c10b25,0,0,0.3993585369498682
14aefb60ab2e7a2946b829908d4b8147,0,0,0.33366011843802773
d913b3209e4c8eab15a45a9419de5e0b,0,1,0.5791173200243079
07abde2ff11ad3fb443963c17b333ef5,0,0,0.2592368767279198
38204a8719263fb85ad0362458089d94,0,1,0.6141949343356291
49ef368b9c2c1f7c6deb36c2ba31bebf,0,0,0.3802783955890169
d211822bb782171b5961cb215e9c3b73,0,0,0.2966793458732818
2a63cf7c94ab1a323aa9511ff8efd196,0,0,0.28464010973989123
fc8f5dfb1f78124502c0ba26d15e6093,0,1,0.6139079462995183
24e1d40dff74cbcaf299569094301353,0,0,0.23479908141895314
0042d28bd6161dad1212cbafef43d147,0,0,0.31052124635619244
12ebea6468d6bdcfd95bb3ce6e715392,0,1,0.5685720859540787
0908599cffa11b9e777d05e3b7f6011c,0,0,0.2513172963123449
2c5851467fa1ec8f4880989375c56fdf,0,0,0.2106561545708485
7a377dacfa3f9e7e346e9c35e897b397,0,0,0.49797739619054066
03a2d9accb73552bde974ebba07a6c3d,0,0,0.2657711690005957
fa0f037162293f6a0e8de6bf4bd3002d,1,1,0.592077525796626
7e107f9e2031ed39e596fa5a45152a4a,0,0,0.2913629765058261
b67d913fedbb7d5a171f35142d4448a7,0,0,0.4165108082033022
e3f927f58b27dbf2cfc1b3a31ccf64ba,0,0,0.4130384758525655
01cd7f3d796d527b174d1a79c55cf9de,0,0,0.31668697078368074
1a30074a68a9a268154e7bf9d6824427,0,0,0.3787271735917919
d7fb5b44b17f8b9c7929deee76e43b86,0,0,0.25173244454410343
1c5b6823f3912bb3a95222d8931c199b,0,0,0.4259925479716797
155b7b0b11cd68d2207bbaba27dd5938,0,1,0.5354081440964014
d33c8f842c10345cf3856e4ea8f45804,0,0,0.05064611633966882
8b5fb145894fe69280b97d4a8e1bd2fb,0,1,0.6458457501748253
5d4c0875a9872ab9ff74e47d630dcc32,0,0,0.32994051001619723
730a97840bd89d1ea2703d48cd9273a6,0,1,0.5346876331567901
3f9378a87c3826de6d2dbcc0b1ff3387,0,0,0.30570359775060013
f28242656130dc5f881cb8805a168c51,0,0,0.27917284447194274
5e9453efdf0cd4bc9e755aade599f31b,0,0,0.3190206032831872
4d780e033cc5b34dd65a5704e0595629,0,0,0.30479700715979985
ad5ccfcdcadea375ca4af119aa623e4e,0,0,0.23609723284568512
ed557c49bafab49f63a3bdd51484ab73,0,0,0.27978198636347246
6ebe7ed08e92e2b527c0ee1d23d19b5d,0,0,0.3181833451738353
81d701eca207a12340af6d503bb02db6,0,0,0.22609215947744332
7c99ba2813e90aa90b33c3ef5dbceed4,0,0,0.42557745818010156
c7b0fe698e84c8f409910cd8d90d1c82,0,0,0.3238083621777729
5aa58d0a4ef9fd88098d3f0100efc443,0,0,0.22572161800534307
2296d2c02711ec103f52d1b4e92bce5c,0,0,0.24299623423040065
6d13561359666e6e7a22e5947374a400,0,0,0.27474190442493573
2b27c5593216e096f2398e925bf9f5a9,0,0,0.14606292816678063
a219e5d23a255a12e32705f1b4bbf8c7,0,1,0.5517364128823535
b7ee992ba4abb361de7506856e07d892,0,1,0.6406874353147329
e46bb9a2dc590624ecd7c29e2b2d2c1c,0,0,0.33687253519593985
387e282498218d73ebe12141a5d4c075,0,0,0.4335451326376964
5e8cdb45fcc75841d5e0c1be072ac2a6,1,0,0.32543698407627497
b00cc1865009b76e30706eae8e797110,0,0,0.35430378935828605
ecdea5caf6df004eb29ec89c0fc689f7,0,0,0.2641511707901575
81774a560a527c1c3db70c1fe3da16a3,0,0,0.251727703686119
0dd1c8076650806fbe3ef3196359e8fe,1,0,0.4156209058915495
8f235bcf8336fb1245e167f8a34b8b09,0,0,0.09570348643502044
10f0ac125b8c5d17f5793d4cb33e8668,0,0,0.34796448655306633
782981130bd2d4a85dd8597ba7ac345c,0,0,0.2631909793560941
5408abdd7b23e12a9298162397601fe3,0,0,0.21699888756724608
dd71e221c33d05f718b706529a0c60ac,0,0,0.13125293619052544
c3bbdd043e59064b022063af182f783c,0,0,0.2000688192897642
0c7112bba60e1a6ba76be9b7a811997b,0,0,0.3961497772389593
0604d11c857f800718f48caa700756b0,1,0,0.4840572342943237
dbbdeb4394154b5278e01d2c80f224ad,0,0,0.4688379385019049
d0ee0e3ed8a271b4134d19ef55d2147b,0,0,0.3228034211839825
2d6a0960e8be3055175fa6c70f9de9df,0,0,0.31544289969751704
907f861426d28eb925995865c3bffe51,0,0,0.17587773165563825
70a9df223951ffeb536e6ccc88fe3382,0,1,0.521387010835035
6b5ea9c4f2072115ded300a0c374382f,0,0,0.34371838264313564
26f6c88867eab328f4f3451633c37fc4,0,0,0.35528341545808373
7b4b5c2039f6ad89ed06a96fd09a68bd,0,0,0.26374077387610717
5428fa8fa653184c72f59b74750ceeca,1,1,0.6759007439400242
b62841fcbdce8a4981a8b620888a9860,0,0,0.3959566660784856
652a15b2346c6c5feddcdd5a7520e8fb,0,0,0.4016358348102271
4820354d6322911b75bd89422ed7a439,0,0,0.43651778968224314
424ef039dadbf293a4cf1e35efa9bb18,0,0,0.2967227846336883
ebb05f56353599b0d1e4fae891797146,0,0,0.33873397868405314
5d15437e595f39d3eb7544952eddcd73,0,0,0.20945187963133022
81fe8ed75fa8365c9cc41f3e611bd86c,0,0,0.0790881325086833
78c40df2eab75df486017e4ecaed4a9e,0,0,0.3248126742444558
3b09c5bdabba6daf726c3a19b0015a19,0,0,0.25279447616373485
c194b2f7b2342b1fd45a045712785a85,0,0,0.3024102600096331
93ae0fe159e48e1a3b4bcf3023773735,0,1,0.5679315815319191
54e1e0cc721b4f5e25101cf57f5e6ec2,0,0,0.31877156559575104
a6b2a7b50b5e02192d9604c21852110c,0,1,0.6988477000802504
ce2f0e1006437f83b76de4de851b88b7,0,0,0.3093033625622348
45bc622f22d52759917e776ae9490835,0,0,0.31263499058357547
1f9142a0671ad21e324ebc69c53125c4,0,0,0.2625516217120455
784b94dbfa3e7d04a62385a26d73e44d,0,1,0.6828558347606243
866956f5324a448d209bcee5efecf806,0,0,0.3464942182712881
219805e96d67dd46f633fdf974c4d6cd,0,0,0.29317486921083324
cb151529521f2898afcba14bda77c69d,0,0,0.31653210976952373
4926e34dd025c160d1616f766a465721,0,0,0.2972670163673799
8d3a847b95a95945621895d1b1bcdd86,1,1,0.5557775768118701
8ede98d8645e85679a7c540f2b6a3ab3,0,0,0.22344905615729743
868fc18ad300b006b23d7aa874c10872,0,0,0.24816182692974703
508270ed10444f95ce306fc4b7dcf3c7,0,0,0.27380956172257515
b1983073f7c74e152365a27d10f1ee66,0,0,0.25000604308616514
980c063abcdb93dce12fd165e3c33cc6,0,0,0.22063424732212192
54fc7969b2e6c8d8491378e3dc372ee8,0,0,0.20845000539828543
22909a8799b1b19d13f0a73f9df8cc27,0,0,0.020210720049888255
c0465e0147cc1faf14e8793a14c92cd2,0,0,0.44100567536108465
21be1297afa84f08abc61161e5fb24aa,0,0,0.36631102302677165
5ab3e2a0e24c977c4d62f24357bf5212,0,0,0.3762397836928173
9faefb7af4a9f0baa0c2010c8e8120f5,0,0,0.1813901605887439
a92127457136721aa25c428547d08534,0,0,0.21250062006396142
4316f6818978bdb21b118fe742fd5d30,0,0,0.2769816294088789
dbfcc58727cb998ffb62677d217ec5d8,0,0,0.39515922044781754
56745e29c1304ed7a97f46e3e4eabae9,0,0,0.3500847852274832
909f2930490118ac7cbcf139816fc8cb,0,0,0.2815829426709985
7a4b3ee9894e47d5246bd14e013356a9,0,0,0.2049206627164541
a30b955424249c70c7fd96715b095927,0,0,0.33458782509857676
5b8618485b3b42a3dc17dc2a0e10545f,0,0,0.45449710229050394
a4398fe962fc605f6b2fea3d335bbffe,0,0,0.24946081854005228
6631207e91d9fa98071b9804bebc005a,0,0,0.29265254141182123
8da61c05820452b65cceaf190b8d6b01,0,0,0.2817007972113695
da8ef337d37a23f18331b35a9840dd04,0,0,0.1766024662963966
76ec648d0b293cd01d3f495061f11227,0,0,0.24709791553245009
16191ae9f4a669d7ed19f8263e0c7e66,1,0,0.32456175139378785
88f3990de1d31bb676cfce610947f42c,0,0,0.24331990624235866
d3800b4b78bd4147a0c9d47fe3bdec82,0,0,0.2175581149088993
d29af91491254038be198d55e165c824,0,0,0.2692949053181348
22568656f89b6cb78f943712b97cafb3,0,0,0.457509893657959
478c0f4c34e667a20cbad129633fac81,0,0,0.4380929984411421
37dc19ea5e520c4a481907230607aac1,0,1,0.6175911405489596
09526c6a441d94c127f6e38f6dbe0f9d,0,0,0.189712639282792
bac0c85a0ee3837a87f33f3e6224db28,0,0,0.28454279401001703
a1d37ec2b206704a8a46bdcb75be0673,0,1,0.5134962718249156
3d95a3024628c549671612ab444e150b,0,0,0.3879894887157059
ca7b51b9be5a590572c09983c5efc5cf,0,0,0.23970156194388398
3b66fd6c714a43bc668def64cbe1adb2,0,0,0.36179490443068774
ac0e85804aa58368dd3f361c93a58d09,0,0,0.2669170724476484
f738eb81621db91fc0e0e3dcf15112e7,0,0,0.19243986293660356
3466deb88bddfe7d09ff26ec6c07272e,0,0,0.2323474134981064
0013f326a839a2f6ad87a1859952d227,0,1,0.5125549750584383
fc69ea53d777648170f2c60e0ff7f749,0,0,0.363217831107157
64c660ce2ee519dd27585f2d43e6adee,0,0,0.2844960343040357
b96aa3a8655203318c6b853dbdb0ceb7,1,0,0.29974734718006046
4c90ae4b01a7661a6ee1e7c74acd98be,0,0,0.32480144677793205
bd6118f8433aba7e794643ea7048935f,0,1,0.5615835804362126
8df6768ad87e462e2da7033b7a8fc65b,0,0,0.4033388190822411
b785d783538bd84b154ff64e5c0ebfaa,0,0,0.31644959036255904
da222d184c76e025cbaac3ec4ab0a8b7,0,0,0.3324042501695631
d63e6d82bc52ed44a6eda89b9fcde855,0,0,0.4914606845284987
fe3179a939c0ac1dd48631bb13c73cd9,0,1,0.5100698873167682
f6d6fbef35b69c5da24a63e3eedbdbd1,0,0,0.326701982015416
3784d88a062c93d684e56ac0dce41dba,0,0,0.2951467346172011
0bd328f5d5a27da732a6f8f93f096302,0,0,0.3172321957684274
1ee691b358d3e33fe74314d9038c9b1f,0,0,0.279219232693078
c5d8d1c84e49ff8720405381040fc5dd,1,0,0.2762668264278157
d545094288133cffa257a34e058350d4,0,1,0.6256161771006444
f85d03df6feffaa0bd4a62fc3726c7c5,0,0,0.3521682581631442
d07755fb5b4da3515bc66fae18222d05,0,0,0.34812296975431606
f40288082a82af52c1ee34ee7b06e39b,0,0,0.29207491698901394
51f41107fc276dc7839727306e40d492,0,0,0.27237414668921944
1e3ce97bd5b2694251d50c96a636a72e,0,0,0.31118145482010573
3146ebee4a46034fa1035c0eebfd46b0,0,0,0.356739554549252
5b3987d35dfadba59cc2141679ea310d,0,0,0.316565680046035
9fdba756ab8904e7a5c4259ed03b704c,0,0,0.38088391028583546
b7442bd06b8336e49197bbd5db57edc4,0,0,0.3819924394599878
8f58a078e4bc57cc71538bbacd60de6e,1,0,0.48946558908877597
ec25c605f47ba7dee8778d817510935d,0,0,0.4025632875393865
dbac79274d2ae413ece7470420a0671c,0,0,0.24009717180959175
e84c8b7d0e7e31cfebb07f46ac7445cf,0,0,0.21431355402738064
ea52cb9750b4ba0ef85b3ae7c7791241,0,0,0.28177122663142795
73cda88f43c99db3eda0dda892f9205b,0,0,0.3519814488029075
315ce582adec38f4fc3de69961062824,0,1,0.5349913351390984
cd25cd501b31d3858c4c8edf1805847c,0,0,0.3475863779663731
a5c7829624c3e40d18ce41167d18af7f,0,0,0.1308179220553891
cadb45a340e5dcf1f061a6b3c2af6448,0,0,0.33940560267457665
cfa936ef9ab759c400912d95d055b03e,0,0,0.46956875984730784
2666c48b9aef3e823a8d462621da7aee,0,0,0.33306658460592786
f7087aa58ad9414fa123911977b2c101,0,0,0.29554832748282645
6e8a6e3c39faf3e9d1cffcecb329e2ca,0,0,0.21624180604732124
2a3efa216aa571b7e413c99d265884db,1,0,0.43339645345759115
377307ed5be3e33a651b9dbc92306769,0,0,0.24600468903588188
5671932fbcd8d3d9c50292feb0e616ed,0,0,0.42366493335453
912ae5bb23c29771fec84168f7624c21,0,0,0.32971868185740244
c0638434836447f9540d0c16ceeea6e4,0,0,0.380173861081974
f8d96fe171f103c92f08ddee2f3d6de4,0,0,0.35090189862363
a22676d442e5ef7e0e102f779380f3cc,0,0,0.223354475050096
8e2cff885c759f121b466d462e93bd48,0,0,0.3285000134055129
6389dfa9c13aadb7cb01d98ff00cc574,0,0,0.23096666059102902
07e2dcebaec76cecd769e54c662aa06c,0,0,0.17050944069032967
d9a8ad992b9841ecc3e563c9b7e1f0ef,0,0,0.4876124721025244
4d312ecdc50ead80b2130dc7eab9e5c5,0,0,0.30981382316002515
effd22f8e6253e0d6586a1eb903ee4b8,0,1,0.5058381448698287
280e5b96989ea86ee9a99698ffe81ba1,0,1,0.5959331262047749
7a89a98ef845bea35670afa2a0ebf31e,0,0,0.35068534522220424
a67a9698f1365d42d238a31727d7b461,0,0,0.2882012444123469
fba7745b5abd832f00dd39c696c826a4,0,0,0.41598044171064996
a85cdf4410c9e2a12e066be54efaa279,0,0,0.32094915761951776
7d406b300470912dafa48b09c980c88a,0,0,0.44130106864554747
5677a56606f7ca6c14be17f7e20b5cd2,0,0,0.21404553721759279
00bf3995126e432218c5a50ba3d03546,0,0,0.34587996002658594
82d5c4e7b85f7ba4bdeb32be63b8758c,0,0,0.34015244157790403
78f8326adda49da8c2a0cc69625b9dea,0,0,0.3419303943604454
03e0724410ad87413e2a12b859927457,0,0,0.4101702173450198
4bc8ad8f71833547ef7cfe348bbeaebb,1,0,0.19839318248558002
b6f89043de74c640b256969b9cb56090,0,1,0.6808661590345557
d9ed0f24b2283a3ad568b99f7783ee77,0,1,0.5374724145342668
026992f773d299cd0cead3ee2e559033,0,0,0.4502279877722263
5f746076fefb06ca5de4eb785e5898a6,0,0,0.3892580053585734
a5dc466885f694819a19af12e60ec141,0,0,0.10864930139963397
d74d335b099fc29d3a130c455b9b4278,0,1,0.5194120606434705
1c5b65c5cf7b7b3853f04d55618bb841,0,0,0.32752532228343056
a95f8e6bea51e664e70791fcbe359f3a,0,0,0.2799379226884958
120197fa216617c816484bf1732bd02e,0,0,0.3599527897970456
784adf561ddbe71573dbe1d44b925993,0,0,0.3892063533658716
bda700a2095c7aea4107f5cedd49617d,0,0,0.39210134123909
6a1440fc2ef2b17c9f839b14e80ac095,0,0,0.2495708148070157
a350e342ae5b5aff1fa748af8f30738a,0,0,0.40019855770986756
d2ed4d802df07e0c60c38b0d399fb07a,0,0,0.28100333386701254
20e9862ae7d816141aeb6acb07851054,0,0,0.3719967109249127
fc73fb1f76bcbfb31707fbf241fef58d,0,0,0.38248750357912487
c8bf770adb10c51bccf442c77bd51650,0,1,0.5097314009459804
ea818987f5ec617423866b9dab203000,1,0,0.3565031745301428
f7821fb47a58eb91d33e6a997efb8da1,0,0,0.24080918086390593
0f44ced29618720e581287beeb01247b,0,0,0.2853969083669005
f39d32848264663fc546088f58b7b235,0,0,0.24509572502948782
26c38726e520d52c769e5cca7127e83e,0,0,0.35694964816412056
12be28d72006b73015a2bd06db83c640,0,0,0.4729754392128464
c522f362a30f4f787c968af7d83d844f,0,0,0.38365283898505625
8455b5525abd2b19880886efa2cd37d2,0,0,0.3578581471628062
d7e6ed37dcfdb8f2cc7f4a461a7df446,0,0,0.36884517176196496
7d377ffb978594740b4227075e649abb,1,0,0.48516063068034027
00b9ad3d4e5701f7f06f9075b7aa1a28,0,0,0.21303562480396596
e3b369bb9f2b22f7090d4457057d936c,1,0,0.4028293634940624
a0ec1588ad81d1467ec2472734713846,0,0,0.18337359057498742
0d04901c8a6de1d449d6a81a0e5b954e,0,0,0.29987561321826917
58fb003014b71681447af91341be89af,0,0,0.2393028869565856
bf78077ff2c1fad74078be10e8bbe1bc,0,0,0.3375233211626237
ee6b79afc37dd89ad1d11a30aa169f13,0,0,0.22224102604185123
22b77a490f1daaed8bc94338ec132374,0,0,0.388619738354372
8bc5f4476f690143e49939710de9db74,0,1,0.6012179274518662
ea00dfc7270a436efc9c6e572b0211d0,0,0,0.4885550434055395
fadb5f176c21cb97cc599c34ab38f9b9,0,0,0.2562518491608859
e6f1be0e033ca2e20c03fe59bc732986,0,0,0.3084217023553944
3273a2a46e8b8183a327b1dae9eb26af,0,0,0.29209776435767365
f2791c5cce54015038018e1709d9cc12,0,1,0.5239417309582005
3070e1b6f642b69f0c5a71fbcd9f4ecc,0,0,0.3076534330642616
66536047273d55458a15c4f3c1a08dad,0,0,0.39549724625185734
2b805e8725c8e276ed93a6855aab54f4,0,0,0.11312822919151057
9bbf539970aad4040ac3edd3f982276d,0,1,0.513513010919416
693a70fa12dc32956b8248a8e82a087a,0,0,0.20763876522612382
adff89602e947091aa5adc5e39f2b146,0,0,0.28099238812574545
f6ff01ea5a5aaea7349aaf1d08bdb4ae,0,0,0.2959873760401995
2979f6e777e3bb8026e641f0bbfdf286,0,0,0.3444472116236597
c52487d832d362fc4b0efbe53f576829,0,0,0.49602837380804693
d783ff4c5585ff7a34f767c29aab554e,0,0,0.29683967524290306
60b7582866fad41b005f6821d35c27fc,0,0,0.3628520986179647
9f6eddf8d5d45923c7c2621596c6f84c,0,0,0.4218939826137469
ef9eb27b06efc88ded5dd6dd90db3833,0,0,0.22313600397156524
5b768acca1ebeb4c59203fbb078e52fa,0,0,0.2937090713592353
4970e059fe380386eb1c6d69a9ad12c2,0,0,0.450985129471577
78e569363b481305343cbbdc3e220f71,0,0,0.35610579330451114
9a2304d84428b5f70176fbfeb7a393df,0,0,0.22672058836814402
37ef14deb927af42e247661b928789d1,0,0,0.27290726133546755
ad449435d06358d85b4e93ffe2ae658c,0,0,0.3502645332071264
4be3593dd7f973c0778a8f0a284f7ed5,0,0,0.2866083088004013
76f146f11540d807f4785894b8dc197f,0,0,0.0687344305285905
f5ffc0260743bf1121ab7721ad320f43,1,1,0.6024830192884535
c8a2cc5ef240da441eaea5ffd506ca40,1,1,0.5545930501917414
a27a03be4dc00378c678b4948b5c1980,0,0,0.21852282471576256
9f119aa62ef3fc60a16dfb72bd3c194a,0,0,0.09749170589718613
a0d2c1a4ed43d538f4cff9f900891f18,0,0,0.3082477905885369
f642b3b38a702ec1cc1b3be5e9ebf58b,0,0,0.2916029652424521
62ff61b5127549d08d2bf7f765aca8f9,0,0,0.19631950708639323
241779210665d6ae20b3d62609a49b1f,0,0,0.415664750475781
6d7618710d85e359f108b925eb0ec7dd,0,0,0.4488988572146143
5ff3c45edc8c4ca33bb81dc03c4cfe4d,1,1,0.634110590857111
0c6cd9e51d6ac4742179ccdb51277f53,1,1,0.8540001999784921
6266dc7108683db5ee70baebed7a9bdf,1,1,0.6372233938738445
0f187a014198a2ebb82151eb113b7821,0,0,0.23014136832529858
52d43ccde6e564ccccc8caa801a814cf,0,0,0.13885188928340514
9bc449ba9a597a0eae43a0f7d17b34c7,0,0,0.2952645404544743
3701def149b5950f278ba260cc2faaf6,0,0,0.3385087432282587
fa8b506f776c2ad679387de46eedd197,1,0,0.331851955977988
f3773916e8d59e9c7e63e5a01960a352,1,0,0.39848216719165364
dfbe9188d9fd7ec6db5002b98fd3c41e,0,0,0.3094148559987095
9df76ef54a333e2c716511d335e8bce9,0,0,0.21749799146577684
82e2c659db4fd62bf298890a0e004437,0,0,0.45957249019342816
58a60241c4b06f010ae62d1f0f607629,0,0,0.2099073440226759
450050202f573ba17ba51c7eb50ba101,0,0,0.3518767820865505
527e9cc9ac1ae53584a1f0e15c621be5,0,0,0.4706278697582238
38c65dc6dd58c71b60dba5e2dbd5730a,0,0,0.31534967870040687
ffc80b749cc1cd176784a98d42cf83ba,0,0,0.31218040572372846
b0880107ce92c263c48670ba7efd6013,0,0,0.3708799839897445
09974c59ca76a2a847b0a39cdfbf91cd,0,0,0.29635194276124227
c2ad1f1091597a35dc1c6aba410c204a,0,0,0.3174642868631867
c2f8525aacb2947618a099fe383258b2,0,0,0.07970435476501846
fb2fcf6df4709b28b5b0721bbcd110f5,0,0,0.4730805177202211
f1450ed801d9e82c5832f9980b863b76,0,0,0.2635347348636883
e6c60a8713b6bb76cbd03ed73fed0a08,0,0,0.2695858181789339
8c99314923f5369790ffc4f78ce3231e,0,0,0.3314174516258425
d9912850391c8d3ea65b398e60c2d673,0,1,0.5396989042933588
b070c02111cb5939830cb61b0aaf4cdc,0,0,0.3006590005920624
b210969086c0b76b23f3477cf266bab0,0,0,0.2563302393106997
b07831975f02c8b190367ee20e5540e3,0,0,0.38967148187879347
86ce434db2d95bc4c7f82ac7f615cc42,0,0,0.19985581607044467
2ac9452973f85c91667c399ecc49c20a,0,0,0.4768926206780008
35bd00f0acb96d4d4977a568aa3abdb5,0,0,0.23860275793924401
5a6ce15a9b568f684ecf7ec48a7a8aa2,0,0,0.2934720600894951
b1b88ad5337b366a8119f18df3653a86,0,0,0.47882468719241167
0265633f933366679cb71e59b24608e3,1,0,0.3509894531796844
a0a1b77a057101a27146a8dfb56f0a70,0,0,0.2912901311008205
662566ed3e386dd74213d97a38099634,0,0,0.3512953863580784
8716c63c75820356b50d059b23a9615a,0,1,0.631361589539116
23680badf860b4c90c5c8b2f4bac1be5,0,0,0.3207861632575588
8c662d57a3447e8015e8261befc2d3c0,1,0,0.43539108937193466
39443f3468286d340d210c3298002e10,0,0,0.2863524672946309
b07487276fadd9f3044ce8e037531819,0,0,0.33128283915671963
ba8f323aa6dfe3b76245cdaf4f8966eb,0,0,0.3365111948606953
d37259a0db7482d8ccb5d5c6a8512bd6,0,0,0.39337494670635403
df1328e2b3fee8e8a9afaf3cd8a3adc6,0,0,0.29784306158097484
b4efb8825100a709f6138f0c6f686a85,0,0,0.2456554545276941
e20c4871aa343db33d38bb71b6ab5564,1,1,0.6507921168191052
d813243618f2ceaad89da0bafe1198ef,1,0,0.3766265874409413
c4e9e5b61aee88c5946bfda58b3c6277,0,1,0.5643411169279002
6a17093695262422843be1623731a92f,0,0,0.448226934438921
7f97e0226e1e58c85b6c95c17d93d161,0,1,0.5143840091576677
4d8d2435c2d3ba2ae0d531c07105dd28,0,0,0.2551869118170579
115ade0364d1290d2023c97642ad1734,1,0,0.2023200770218506
f1062fd8539780d7b30394df978b45f3,0,0,0.2086136519375749
e8cb1e91f5c53638adf3659e92149584,0,0,0.318091113275139
5f69d8216152ea7283b022d342a99f66,0,0,0.43762903839075873
57e722a78176432fcc642017829e9bf8,0,0,0.3422873454674633
b257b6648c94af155b190a9a946d6861,0,0,0.4097671223901782
5e35c05dd14ea3db589313ca7f5deec8,0,0,0.3725791723294561
5a447e21f9ca4ed6a7960849b6b281e8,0,0,0.29861390301686896
f831476f7a60f6f4f529e0e1bde692fe,0,0,0.10716553939803151
2e7a44ff47d67083e62109a9adcc1e95,0,0,0.20548126676166167
988e75153e0b73943c3b8e73fe5fcff9,0,0,0.26011207784176027
9ab8c6b86fd2bbf5e1f00eedef97eaf5,0,0,0.4914026805397963
73a6da45a8bd251a784bb8ab6ab898f4,0,0,0.2848552551725433
be794fa36e1776b411d96d97543e9e0b,0,0,0.3283160644444248
e0086b495fccc66da55125c228e8723c,0,0,0.3740994130327483
5fb7f36c521f96612bbcd5fe982fee02,0,0,0.20486346601335956
d1f6fe4c66ba4b3126f42af0a207967d,0,0,0.4433892189810306
068079b5b87cc0bea3490fc04ddfa4af,0,0,0.2524083899127459
ae58c52ae41c0708a02ff79624e0586a,0,0,0.4049172096518305
4d702b2a8e4287f6647272e734ac9e45,0,0,0.33160698499556085
2f2c826def5bf7f6dde4a58d5859757a,0,0,0.2854675808875241
dda1ea31b4b7041821adf07126920e81,0,0,0.24967360729741564
ce687bf801210b1d1e094f0a0c9fd4cc,1,0,0.19379049460028777
c4c7461492ef8ad014a274f66a2f5aab,0,0,0.21358815453273194
aed4aabcfff8fb8f63defb117cebd60f,0,0,0.2771607826262785
a548fb934ec52d6e6138210089ade293,0,0,0.25174591967584015
d39bdd0091464780f108bcf621f9c245,0,0,0.2868686974696144
9903ebfb64ad280153062f7146dfef37,0,0,0.0537385535662044
347edca9faa9c758453dfc8134f88711,1,0,0.3147556746889999
17ada8eb4ea5e2a61d3f3b1fea4bb5dd,0,0,0.11933499924061067
2c221d6729b8c6c98dbb516b1c878f7f,0,0,0.18926676719479754
0973b6c64c8358a65c3d1ea71997f7b0,0,0,0.41275799549033315
8408319626a5290055ec12c6068a4e5d,0,0,0.3478948573905892
a2e017f297f2557a7b1cf4a92bc993e9,0,0,0.3487914229414221
f30cb80a5349c3abd90a2bf538fba5ee,0,0,0.27363918232684
07fd5b16a98d1d72e9a037a1bfa53f8d,0,0,0.3944967380442966
8e93fe2ad5a49f32a176c947af27436a,0,0,0.2932629010098636
32d92a023109ff0b169b7f6b74db8cc5,0,0,0.3376521235589413
97c31ec451a2c49aa4bab09b1234b310,0,0,0.21493244749679088
c82ef6b0943aa33e4953ea66ed8405b7,0,0,0.3938935700594435
e66289c1548a0c143738054047fcb4f1,0,0,0.35833389482892986
075ded2164a5dbaa0a5791ad9f7018f8,1,1,0.6946035947664988
091017932e08bb6491cc80708e391f07,0,0,0.26107429954908723
a0882a9c715276302b701f5ca20a3739,0,1,0.658722553889539
0383bc37337e8031e4e9bcb1d5be882b,0,0,0.22103741260943818
2777da9b2f8846cd77ea8baff4d0dfe5,0,1,0.5482071378423415
211d0b2012d921aad796e4cd4cc94067,1,0,0.48625041064096136
6894e2b3b43a3347649392702fb84fcd,1,0,0.2886203203332578
c7a72e5e1e3ed7a33c606303486c4135,0,0,0.1192804522511488
e0857144b1106309640c3c4fc11661dc,0,0,0.39623597968515417
6e05ba7acd66804ab1bb16ddf117e1d1,0,0,0.31669961560426924
62adafe742be7330ea6de624815fae48,0,1,0.6686244965345497
f07a14bc19f6c4575075af54567861b3,0,0,0.20984088525606892
206c000664023b7db634ad29cbe4b601,1,1,0.6683096382551754
c1359e1d51082033cdfb6008108f05a2,0,0,0.3731734304166423
2288b88fc3d6481a37e1229132bac592,0,0,0.3021870629919013
a091e1d5d6b6bc37c7fa9043367e9338,0,1,0.5312152030266101
a7893db459c76ed3bd649e5a9b3f16c6,0,0,0.2545768711816673
530f6139a123e68532bcbdeb0d8a08fd,0,0,0.4272232329030533
6686cc260b36f291b59ada6886be2e49,0,0,0.48023980195104854
b2376ff73dc02fc4673f64a4403d7910,0,0,0.46907315563714924
e9ac2c1fe38c110e2123d7edf3a57817,0,0,0.27674361765270267
ac9b40690cdc78263fecc452bd92c227,0,0,0.352155411620354
c1ef2d14e3216e1f6cd275d80b51f4a8,1,0,0.3870945750715143
c58c2746604d9745af4b69d33dd2db2e,0,1,0.6340464229932592
6d2ceb01e7dddd520a147b2fb6fa8211,0,0,0.3921214394727248
f7480de19ad41c59e55ea35fb4ef9b15,0,0,0.3284397514910004
9a2386c5bbc9bb9c20eca11baeef7deb,0,0,0.2842820727726762
1d1023b0d8f31bc8af91cbf21b6bcb1a,0,0,0.41278202993301266
2a26923c81dd8affa7645c02bc8784d3,0,0,0.09459933251932162
1f5b35a4fe00b6c5c6d28dbe45f5273d,0,0,0.24245548220940855
250962d5c410844048e0155a6e16c1d1,1,0,0.41837926654391744
5a44bdff3b508a8b738cc5d00ee8e401,0,0,0.2908796738740469
99f619e25e64e0ec1ab9baa2f0ffb10e,0,0,0.318952576908463
2c2ff2f66da9433f98673c23526e8b3d,1,0,0.37363070653382485
9304c40d65d2695d4f055a3d589b4c4b,0,0,0.30564197314132274
e24bbeac6df6fd4731293e0969714361,0,0,0.22197792058096866
2e26dfb0129c4eae2cce925c6ba9ba79,0,0,0.30665834745823256
1ad594979170db8dd0b5d9bf3fd40168,0,0,0.14975627703969152
5c404e0153eadb877e7dee0cb48b8143,0,0,0.43303266622094944
f560c3552ab2c670218a68fcd87d1d2d,0,1,0.597239348839977
bcf00c494bf6e921f508b8f401531ba8,0,0,0.419545496417306
3fa7e432b436d3c653f84a1c2d337c08,0,0,0.30828102585820305
8eff5b238fa2bf2eceb81941b572b4e0,0,0,0.16010765983700206
bfb13b55dcace5f3958b81db8a412724,0,1,0.5153313438764363
efadc67dddd797cad551542a7aa541fe,0,0,0.30269608990359465
b8f9231837583a8430c9db9a056f0570,0,0,0.31836492485100465
4e8567c6e86cb4aad83c864b3c3a5d1a,0,0,0.3657803659796144
a6e3e987c2ba9668059b58b20cf2e359,0,0,0.21843135622986642
caf9cc87e4846edb6c190e13ed70afda,0,0,0.12169778906359031
f219c5b754fc8a132648cfb4a39fa131,0,0,0.3359208788322913
299fbc921bba4096af892536f05d8077,0,0,0.37880451700810286
42bd081e3a4c6243b3c4ea5c83b7d6d1,0,1,0.5418399016890604
f0ba2870f213f05447160c1c5da7c16a,0,0,0.213769266854002
442364b72ec8c19ebabe61a29cf4945d,0,0,0.2998240836312691
dd321063ab13d593913e3428c109b916,0,0,0.21266240822922683
1cf76425d13b105ef89ac9698de8f0e0,1,1,0.5259472844402105
8b1b939a03094be51cafe74840c47432,0,0,0.4206298776196714
ce795cd0938f226f78e85059bd5ca4d2,0,0,0.34718068189227885
dc5d827eba1282f59cff0f6e8cca994c,0,0,0.2899342574911065
437b009c0c4876f9c83faea0be0b600f,1,0,0.23443828377536133
dfcb302c63d4c74e7d1436e1face4079,0,0,0.4341728096034062
06697f23a9544ecbd752d5d74c3af4fb,0,0,0.4208501115419792
3f4407e3cb00633cc369533a830c76f9,0,0,0.23591237108559274
527d9cda79c083ab1d434183ef282b56,0,0,0.33333359172253063
97937f6538f98ceaadc50d5786d5e433,0,0,0.14124070083687953
cfa35239e2e6f43105488816d842160d,0,0,0.2214444686325778
d099f2a8c04e1ea2be2ccfbe415ee9a4,0,0,0.43946891867445664
bbaf74bbea3807c083a0cea0c26f1e9e,0,0,0.06512163204418914
3e0735a9651e83d69ce17c7725cef153,0,0,0.2832759371528526
13730c25cc23bad353051a71ddaeab14,0,0,0.34372542665387706
4470bb7ecd11d4b28f7f26a4d5f7d1d0,0,0,0.2313994161089599
2ea90186bcde75060f16a8c6dab7a80a,1,0,0.12038938731027805
7f5da8cb377d2a54b9f633fcec84a8d3,0,0,0.27942838148463517
f00cba48cfb00dcd7ee208df7c805a6b,0,0,0.3999894723203001
90fadd7cf9ba3b784326e59119268288,0,0,0.2895444645908847
8c3a8c9d8415446cc2da747401f19ed0,0,0,0.2078217364775195
ae3dfd21db95c099832a5233c65228a7,0,0,0.358017983961954
24e94068f7b74c240c7393401e938207,0,0,0.17943538690082506
9f4c64ac1f88158e94c724e7898e6401,1,0,0.3101807659942779
d1ebe2b54410816547153635a5222d7d,0,0,0.24739789114642938
c25f73bc7d3c733f6a209525650ce3ac,0,0,0.2742334735892321
0400163d4bd620a885fe2a67d2f084e0,0,0,0.3389873189852481
9b19e0be23d096312fd536d7f9d77371,1,1,0.5109002494071723
ecffda0f9297977ca82f56cbc7b4e9b4,0,0,0.31412357853883116
a928278e3f8b06da849e45814e2c75df,1,1,0.5775061348891679
cdbf963a4e179eca4a91e3b660184588,0,0,0.3260022138912265
c8abd7e8995acb6a8c7fd3b96ed33137,0,0,0.3708107954168265
c93f56e1541b5a5c18fd54dbc14e295d,0,0,0.3884839305313345
fe08527d43b6f817f6be323d96532866,0,1,0.6644743067270136
e0db64f578fee4a85ae8306359ce74ea,0,0,0.0516481454347813
34365b3a3b1c975382f282ea88d077d1,0,0,0.38952080180236826
bada351607f4c7e578adf0bd4d26510b,0,1,0.6338234651867297
609e5a48e6d310c68e4cfb19f25046ef,0,1,0.5024178587034791
0aec056c09429d0f41e9d3b23d4018f0,0,0,0.23975008098890094
a42c7e614c63bedbac9a1d27a05c6c61,0,0,0.2741726650782221
d39f03d0ec9d0bd973928ed30f8f632e,0,0,0.24957497649241894
f6e215df6767a2380e4728751fe65b50,0,0,0.45062296012318226
d9a01bc53515e0b493c8371617c8c21f,0,0,0.414500624953244
1c12883079d2d9cb28819114a815325f,0,0,0.2929273778548346
32661192a6c16ad4d5f9796efd523f03,0,0,0.371466910042395
6ea6f5a756ba52ebe0f36b2116e80063,0,0,0.19226151084026827
3e4dc4d40a7d8c7700d91322ad5a90da,0,0,0.28312888760625876
7461f25dcfb487aabd41b1e7ccc66253,0,0,0.38854411066216044
3641018d65a79fb588eca7d3f77180d2,0,0,0.2962293338500214
b36e4ee364d2ee7ff5acdeba893e585c,0,1,0.684702165553638
552d39a365458452541e95701788745c,1,0,0.20709258010516915
3dd6dddca0d663e5e9cebf184ca3994e,0,0,0.07857636715094511
2cd525175f8211cbb52739a66395e855,0,0,0.1712478349262848
46de30d48504b84b924b287304e7c87c,0,0,0.22225161325113027
76ee9dbb8b1889801aa729d25cda88b8,0,0,0.2899391553696744
58aee0f2c1b105df441483025ddc36f7,0,0,0.2944212655630501
3da39e327b404233fc44083454f597ac,1,0,0.4235369428431067
aec857c2f2ff3d762c1b561ef8f3022a,0,0,0.2072036064676291
42fcb20a7a09681c4ed5fa4ca0b77290,0,0,0.3608796438954893
473616f7b37d23b7a2816bff6d9a3db2,0,0,0.17678306972759195
04897b96124b4726cee9f5420be626a8,0,0,0.3100393891407534
b2a14fa65df504d03e950e869084a573,0,1,0.5532363117218899
a41e5219c7624647902965e7d9c19e4e,0,0,0.4206292294122385
d883b265c730032cf60b402acfbb5290,0,0,0.4805874654055284
9661b76e09f71b82e495315ce6f73ba9,1,0,0.3765291194105735
a2f1a27765794338b337869fc52f3258,0,0,0.116353319735247
ca76e32877f9083523dce787c7645fbb,0,0,0.314802610194332
cb2d06dc53226e97636ed2a8b2edc69a,0,0,0.36193111290783636
bbdf30d664e8ddcd05f600f2d5e02955,0,0,0.3801917147413863
baf6ac88d4c0d1d8cef811e82acc5206,0,0,0.46742577628354487
1f88ec7f2488e1117d67c7b244ea6955,0,0,0.27352944254329087
2f151b0e6ff573daf6a37cc484f4e70e,0,0,0.208532209477656
80beb4fd2c9f679f8a39c32f215e40a0,0,0,0.26957635150421866
cd26fbf0b982674fe827025b7b1fe306,0,0,0.33691302418817054
852e064c0c977d33303573355140fe4d,0,0,0.4171867260884732
ca3647de5e2dc3267602dc7779e6617c,0,0,0.13943443192318591
90647d2c134c8a182cc70c212c19b385,0,0,0.4567053831926689
c80438ec8c694e616c4a125187073972,0,0,0.28460364012946104
39eeb01f3d7b0da8aef1f6fe0be0e311,0,1,0.5322026052151204
c2e5ed449fd1689649c6e8bfd1a6b5a2,1,1,0.5430549910140196
ec97475b3444e60c71d62fc5d5e617af,0,0,0.275516052242394
522afea8a2138ff3aafad5c478a34b35,0,0,0.03627501233133703
11d8cd82d705404b5296f0cf83040255,0,0,0.30679544915182544
3fa73597034e719c1bdeac65aa483c6c,0,1,0.6432738686345679
137a685dcfba3bf8f693a287cd4c3954,1,0,0.3043809102468432
6634a75202ca69c6521e6f0c3bca25a8,0,0,0.44772022088005514
7dc18375aecea7b32982db633b38f22a,0,0,0.30858227289138657
a32578095b618e3971b858efa89a5486,1,0,0.3561173669019128
1f415fb7364983244376f93cc5d2154a,0,0,0.3206976584450817
af35b016b21b5ae8dd8ec4e21b7bb991,0,0,0.19360421459800656
bdc7b10a7c0ffeb85ce722e1196f6658,0,0,0.3744692153030488
558b71ff2216d63fec24a6f84ffc2e0f,0,0,0.3121316307824655
da7411f2da8753856e2f5479c4ed7122,0,0,0.3164000965154706
d5cfe6a6325241f89c78056e6310aec7,0,0,0.31463049002601634
3be9164fbf8849be4aadbb1d4f028b67,0,0,0.3980603323330987
6d585ce23b5fa7853e387a078cd58f63,0,0,0.31291863418418414
89454dbf3683a25441567b581ec04eab,0,0,0.33860067196068444
f55c7b6e8223efc78243b983ffffbf03,0,0,0.31256360493645696
1a08777e5a1ff4e78a36c3bad0f41f25,0,0,0.26715362671403614
fa35fba74703ef110a1d612dcded4fbe,0,0,0.382937651982747
2ab3a779630866b4f31187d005ae5a2a,0,0,0.47753251213571846
7f03e20c71bfe00365dfa41a30583210,0,0,0.2599223450416941
a4963ca6e1bf3363be0806525647d27f,0,0,0.37838168600575606
db729f650566fc3a3630c19d99b4a7c0,0,0,0.4536143085025484
d7a2812f8a9edfbecd6259d4c838518d,0,0,0.3592538344943837
55a94e63adfeb8a6fc0425fc1dab55c4,0,0,0.45313449745856466
1e5ac2b48cb9d037fa7322f41859f530,0,0,0.2715761864667728
b02445a0227097aa55107f8c9ec27c2d,1,0,0.3093083664218238
8970caa3a1e540c61c3cda649dfc608f,0,0,0.2736668330599953
d8c65388686e48f66ef72d25c9c5caad,0,0,0.46014226202912567
a65df48f00b66bce3dfee556b15a5a92,0,0,0.27880430187823835
7ab4bf4878d8f7661dfc20e9b8e18011,1,0,0.26124581414797604
1bb871f1402a7450e79440cab41f6997,0,1,0.506277591592999
757c8a6b6b929fc600429e63fe260297,0,0,0.24840424552913296
db485fda9329f423a963621596d22aad,0,0,0.3653985822815867
2e95bdbd205ebaf7f89c2a674e1f5281,0,0,0.3479756305701298
d46d2f22932dceafdd239460a06987ae,0,0,0.34767510553909803
3a2d1af5f9685dbfe08fa98b57760367,0,0,0.3809732572733416
98465f679c389c9449c5c83933d15a4f,0,0,0.4336189729562507
ebed5f55a84cc5cae43c49718d81b600,0,0,0.23423431423853128
7172063b0a515e39e686830a3627ee23,0,0,0.2581352064519077
18463073fb097fc0ac5d3e040f356987,0,0,0.48971107731521385
d9c59cb3970e90e6a09bc5b6297d8001,1,1,0.5477247607014983
6612056ffc6c71c85b6591781eb9a11a,0,0,0.24182781352210392
f0d55f0d883df4956762fca57265bdeb,0,0,0.260156190280995
95afbdf4d8a8911b44ab69074b2bd154,0,0,0.4434894961634289
49140cc6fdd00ce4b8f864347735d776,0,0,0.49477909271625736
436c66572fc930ff12aed63239fb96b4,0,0,0.2637554252487183
c280aec3405dd2d35bbcb1e1a1d0be46,0,1,0.5428461000930254
87f802e9a6168c96ef1a4cafde1967fe,0,0,0.3329013932082672
057b442dd9bdee2d0dd6ba5c40922df9,1,0,0.2111034448773937
aa09884854cb3155298a9b7785dd7a95,0,0,0.24249246267558028
d44b5c7227d9cd0188a6d5871e1cbf3f,0,0,0.2687103167730299
eae8d774bf8b36f3ca856ccd94c660f1,0,0,0.33032258268499526
11036e3ba11fb3f14cca695d970b2cd9,0,0,0.17741714514353074
88d9b501683b18afaddce4405d54d084,0,0,0.3374631266739527
d3135288f5304196af5bd79ccfb63581,0,0,0.16773022960303674
3b01515781ccc3a9aed838f2d64f7e03,0,0,0.43346949918382827
5cdb3749c8edee053b3c6845ef918fbf,1,1,0.5829610158414913
f663b6cc47b037fb6d49bcf0e99a3020,0,1,0.5224827942031638
d547c964d2c20608c864d825edf278a7,0,0,0.3219294635788879
86739d35151098e7f81903a7fb8098ff,0,0,0.42922030503719966
2072a67dbb6d2636d3583c0f9bafc383,0,0,0.4335668775057351
81584bdc137842298da5135e4e89b91f,0,0,0.38998806332027824
1ed174407883e46a57653fd2a6e91867,0,0,0.18346075073556
b11e232e1759b31e71fac391c6d52594,0,1,0.5140507240726608
60006c29d996bc6c32a5e34aeb9b7d20,0,1,0.5902065763365095
e4dc6891dde1b886ba4dbe89dccbe12c,0,0,0.2928310609767602
60b82b235f7e502de3b25d65908a2b1c,0,0,0.36685825196827127
d45a5ffe4933b71e9b872d8425a2d9ae,0,0,0.3565761579461372
a81db18c9131953b5366293ad985516a,0,0,0.11854297965183419
a9de4be8d8235fa729591ec2437e767a,0,0,0.46679440212694007
d6b58988ee5d2bbba265b8eb29bdd15a,0,0,0.4120783249095778
8a948d3a4da17a1cd6b5591da4b38131,1,0,0.24915151548403675
94610c97e8599e28805f48e052a65c53,0,0,0.3379166368017821
e9b1290cf2a04bb7e9adec0c9c52a764,0,0,0.3394992178330522
601fe50a9238fb4ad11baf994723b2b8,0,0,0.24372569636465205
b35fb12c177606fb3692b6296bd24b68,0,0,0.4278949321960254
6c9bbc11f86c31de9b9b046f4732921f,0,0,0.3149463141824079
aeecf620414391a8272c32b62d11e4d8,0,0,0.3217725561440188
7f2d5afb9c4bf68386b6fd217e2bde4a,0,0,0.4073451929980853
1ac1f1e46c543a86d37e017d374f728a,0,0,0.49402256440848413
00d44d36582e0f27ffbc0bd39c87fef8,0,0,0.3343205107610101
da2db5bae79ad15615a8ebdbff29e4af,0,0,0.23865159849925557
25c989ec2a6a26f0965caf3eb1792619,0,1,0.5205259322382337
36538f7c0bd54a15a711ffd50a565c83,0,0,0.4297439049905809
7782dc6a996ff6e74fbd0405de1f3ec0,0,0,0.3022573259758432
b235f56f7daab98a24714743e5736a27,0,0,0.29971932634362036
b9466aeaf3f3768b93fc685499863592,0,0,0.25186191605349867
da548bc0601a402558808a18de739c70,0,0,0.212787863977413
130b726a2d6f86c97abdede718efc886,0,0,0.4288502961068392
6199b027dbdaef4acbf81298bb3f8bb0,0,0,0.2186790982801766
38469b842f1f7a36d3ae7d924b31e0ae,1,1,0.5609314521028065
e9b1f6ba0114807264106e272f18402a,0,0,0.378132555762409
08b5fe8517a92739d123340d5548a285,0,0,0.31737334395985495
29cc7b2bde4ae56302ff994faef30abf,0,0,0.3024702063385876
4aad5496458a6e6c68bbc5323157d0e4,0,0,0.36338329217630844
764c75f661154dac3a6c254cd082ea7d,0,0,0.2998811865634429
b98244dbc2cd85a5849ea642df1703a4,0,0,0.36796450067533926
e36a792927d1cb04c7c9823979024e7f,0,0,0.20342721134401734
f9e5f33f7cfdd884c969b9c641e426fd,0,0,0.34213385014990794
9b55e41c1c89a00e3e613fb33eed6412,0,0,0.21574134936399336
98d2c1f62c710d0857d9f84091608f7c,0,0,0.43881374127535744
1d338f0b7055c4c0b3a93498f40fe5de,0,1,0.5191235343627322
7d9020b79ee9a40855d912b3a55cff30,1,0,0.46785034161937716
e909d8881971d44da5f27ed04897d7d2,0,1,0.5096231254698522
59ba312969479cb9f90f649d22ba4e52,0,0,0.4496450332553995
c8b3bfb19465cd7e6b943b469cb46c65,0,0,0.20982333600124037
e1cbc4404dd8738419696bd160b1fc90,0,0,0.31551983050310667
b1ffb56cf87a9e0040d82a109b635914,0,1,0.5324747206481472
1660c67b5125876737f3fe1b8fd9d01c,0,0,0.11412869523624394
664b81761c787b1e6975dfdfcb5e3c26,0,0,0.43111405677286824
1d8e499bca58f6f0192d1a5e99766f51,0,0,0.3363395467218682
9b36a3747da7615ac4bc899c7b6ea71c,0,1,0.5965695011414792
758351e7c75731eec8d90ae98bc0bc51,0,0,0.4005355378879139
e6dade83fa76471a47f6edaf5e2b7b5e,0,0,0.36895314711411054
9ba1dfccc2ca9420c8c0c38ea8ee7e40,1,1,0.6683367357951409
1c4305585eebfe10614fb39d75d0aa17,0,0,0.3200414108147511
9426c83a67b528edd6253f74bd09fc6c,0,0,0.3875493020007347
cf438f2cdfc1a205400012da1e3c7941,0,0,0.2724865177367209
420b09e9d84442afc992831afe66d67c,0,0,0.4536005021055997
c8d6981135bafb15e902c671fc0e05fa,0,0,0.3424648700182824
99726cdf08be9cf12f1465082c14483a,0,0,0.17218936072628765
f52e99ec8d60f74406dae798717f64ec,0,0,0.34075728730936866
cf960a3bb63c9fa39e609273510990cf,0,0,0.21618467682720438
3126e32918f026e1a82a1f901bf0cb09,0,0,0.2748911403547855
c611460ccf7fa31066051e200d40f772,0,0,0.38838296559387847
ed5bc499fecb8eee257857fd286ebd65,0,0,0.22638453459684935
63c81fc053bc3172d6ff61553788731d,0,0,0.46781610140619606
c5199336137bb75ba1b75076d7c11e5e,0,0,0.3268226396179214
b58d11d114b102e37815be5029db0971,0,0,0.2038786016748255
3e34b4ceb0b57593f20f1c41f02abc3a,1,0,0.3710025004063469
a0aaad2067db9478b17e0df07d190ed5,0,1,0.5090181045251652
27f15a970ccfabc1f4ec940d392e3fd8,0,0,0.3809631229630479
6e43825bb8dd3d14db4dc62473cba82f,0,0,0.24969319797836653
1ad69c7c3c468e2db88f02e079b21778,0,0,0.1867191767183657
63e16e02a31dd643d14fccc8e232fe69,0,0,0.05405042430346272
74efb6c12462e4eb5e0cd7ddefd4217a,0,0,0.23032326199801173
64307a46f0c3fe84372ee57f4358ff78,0,0,0.42064699968710323
81b6f73da68d35ee7c0d896400577d0c,0,0,0.21323868143054237
e2e25e7f8514e6a12fc1de9013dceb27,1,0,0.31895669157020007
db098f6d9dfc4646a906c70cfe82d3b8,0,0,0.4209128464931204
c624f3e7367fb79899d75f96dad20af2,0,1,0.5257127269286291
06c633c0f097f2d7088fec6c511243a3,0,1,0.693093382719672
90da1fc6f2ed9bb13e3d1f0191f37f24,0,0,0.4028850229754318
43c77f3c85bb7c3037bcfcd86eb44558,1,0,0.20544941419805596
b05fe3e04ab38c68784c783d97bb55fc,0,0,0.35357944979178385
425bcc5671b3445f2438de4422f6755f,1,1,0.5006018519718632
49b82e425f719cc15c9423783a4c666d,0,0,0.282551219362234
dba352be10dc6811da8a1667fa4aa9ed,0,1,0.5423105977631439
55ddb78e836a96051a16cfca6db22efc,0,0,0.30894294201845085
a7b53e7d8608206d2b6c2fdaaa675d03,0,0,0.4682547519473659
ab07311332ad017c071947aa1747bf9e,1,1,0.546065645854949
84f3cfc488bd2b4cfc0789207030527e,0,0,0.29151332540403585
dd3a65eb4d8542d468e390d5bf4b2b7b,1,1,0.5054018295825444
2e919eb3efb9eb8c1cf5d33a88c2fd5e,0,0,0.43361307220744877
bcab3509f7a4eb72a8a60a36cf477ec2,0,0,0.3784481689168836
01269a9df48c0b0b2215333ca34f89b9,0,0,0.3413265309006263
98f746f44ce544d91e6d0bce20f3980b,0,0,0.09945425397497967
b9b3c430929ee34757a248f91fb84c4d,0,0,0.32039268269359233
1cf95399e134bc4e148be3852e6d7d17,0,0,0.2695449688215972
0bfc630f9172c788df4eb060a97abad4,0,0,0.4669541521694511
06eaaa37b72f4ed9fae2f61504b24ba9,0,0,0.44802992335041203
655e62f1e30eb415ceeec18faaf3079e,0,0,0.31385936816918797
49b6083c013ece5a2eade79a8d31b8fe,0,0,0.1924343411008237
dec1501f4a54bbdf0d97639665f80b4b,0,1,0.5224551668321284
f3e583108700fa2a9c87043d060b351a,0,0,0.38767739680697205
03c029199336b36c40c4c213bd53397d,1,1,0.574526626074749
1f5888f24ad3a752f641514a3f0411ef,0,0,0.21247826607429077
56f9679ad6f7d9b6558e30a080bce875,0,0,0.33066081384569357
9e71f7c72b2a77c2fa7d0b9831543c73,0,0,0.46490609033736086
56c94ad421f0b3ba7898412d082e9680,0,0,0.3717706312972843
1c5272aa16c0ffddbe0c9b5e66b79161,0,0,0.32750266900507574
e35dea0f357f3eef737129ee7e8be6ea,0,0,0.32628522889516376
313facbb2024ac763b52d9e84de11e78,0,0,0.3262111533775675
30f87fc3ce5a61e44b356ede81a4291c,0,0,0.20080650142466216
1b52e95aa67a514d87db43423e50668a,0,1,0.5952406778416884
c4cc2c42293cf3a99c7c13e4e6f5c735,0,0,0.3012271684741558
e352cef314ab3e67fd734eab1337754c,0,0,0.23407464683946133
be9d41423540733b482d564683d2226a,0,1,0.5684843201421188
fddba195a5d4006a6edf4bebd1d83e22,0,1,0.5393356165566913
f8858406977a4d85c113467aa0d90c13,0,0,0.4008331037479676
46506b96f7357d9d7d21b38b1642c1a1,0,0,0.45099825223806844
d7494aa320e82b4c517c14017813319b,0,0,0.43366706271889754
58eefd69b09ba1221a2fabc94429ca68,0,0,0.4291904905412715
2b243584d9363d348aa3ecec41a8405c,0,0,0.35297222859576544
75fbbe40927e4d482d4fb908c44b78e3,0,0,0.3923350746921653
4064b38d701aea12427607c2f40405f9,0,0,0.4905801026275149
d10edda0a246275a5b453d4403876255,0,0,0.39748617215132237
b548c8a899904cde05f88534af089561,0,0,0.3305724679064053
2c05848e1a577dd041ea6804bbf5bbf5,0,0,0.2679005959228778
1db8b085cae7d5414347a317cf13a10d,0,0,0.3847524583434875
9c64b5f7f3b70ec73adb2a5c23257e6f,0,1,0.6457913188246138
9255f5a34b55483d93d9b8782fa9a221,0,0,0.29766740562659155
d330ca7af459e8806226bff51f0e5f2a,0,0,0.08164917885956349
97df38fac848925d207d70cb123ab52a,1,0,0.3896854922515721
2c682f10f5d27dc83fa5ad3f67666205,1,0,0.36007301116603574
b0d43a7f3bc7354bc354dac9e544542e,0,0,0.3630435899719457
01f2b80e48993a6ebb6d088c5d74cb56,0,0,0.3479439526115402
892334c57d44525e6f395f7af015fb42,0,0,0.4359351375508494
e0f175e9acb91e8b483dc61d74536bd9,0,0,0.32136652393035975
a883dad19d407762c11fabc69c6db130,0,0,0.2802072264585397
b8a31f0fd92ce397b047dca660052c61,0,0,0.421404222308217
d98adfc6fea8a614609fb881772e7fe9,0,1,0.5031503452784009
f4012a6e8798d8d057c87959185704cc,0,0,0.32496703566644397
a2e4e9dfc4fdbcd3dcefde0ed2c3f79b,0,0,0.28150440221259104
462e70ddb092fc7fbedb12c98d7cd18e,0,0,0.3024847308050309
f24d9d85db96a849951fe6ac19ff5a34,0,0,0.4739300071522763
24eeeace15ab44d920f9b08a221147bd,0,0,0.3690316268536176
16fbc53625a34384740058d75ff90a0c,0,0,0.22875879681389383
cb1cd3388497884ce26a11227efe47ce,0,0,0.46815144586733287
c1c3585192b39727db69197e36aa41cf,0,0,0.38142362047552064
b0f89443e632a3e4c967bdd06cd2ee3e,0,1,0.5352483531164925
7e4aa3a6600902cbc0ff313b3ef876f4,0,0,0.4542762438486641
78e425662256ba145c494c0904b460ce,0,0,0.2856961174319891
b4ea46917d3c902910fa175bec4617cc,0,0,0.2831984448835808
945e59c5a2b2390113330a6122a31cc3,0,0,0.3644867785254078
65fa9a39ca723adeb8967b48494d9d2d,0,0,0.2891586867026964
2b41ecb047cc99e173fcc4fc5ce96f38,0,0,0.42788388507303343
ffd81a648a4394d296acca247eb81019,0,0,0.33266093593800283
9504fc1a7e47f544a0c54940e49e82a5,0,0,0.2513354154677721
06ca085be55b69d13d003e9dc55f4c1a,0,0,0.030804901810344107
ed0f66d0edde5744fef70fe9f20ba7f9,0,0,0.22444997307813364
301ab1e17afff77f6db94bb2dc088446,0,0,0.25817690547757755
384adb397938fe87a8d6d7eda1e66a22,0,0,0.32654608106355815
16446ca68db7f707ea00b11e198aeb4e,0,0,0.18601708761800728
a529b38243ca8df17e30e6c552c92dfa,0,0,0.24475538119932957
0d37dbeeb31687df0ac7469d86e5a0d0,0,0,0.2756976526176965
9c29eb92748fa1d1c1e28584c6782928,1,1,0.5036816367467031
00e2ac145fde89914e3c8931884c7b0c,0,0,0.45554401844155534
34ee1cc9d0b0e8af9d601ddd090d5549,0,0,0.30988717050453124
ebcfd5bd19e876298b8746b744b525ad,0,0,0.2287459697252503
3cc8ebd1cb380e4395617660fb8ef90b,0,0,0.06649098442477851
3cb6bd2ce8fdda23ad40bc1bb82a1040,0,0,0.4309976428995395
33ef203a66c14605dddeb1fc87d8fc95,0,0,0.3526045194773835
941189653cac57854f4ab2abf918bd7d,0,1,0.5010400077972095
4da660cb181324e74a01d45ccb299c77,1,1,0.6563293533311316
69aa5cc845175d90ebc11aeba8d2248a,0,1,0.5211698624739813
a1f4bd34990f6e81c3cc05f8e083014d,0,0,0.4849894325441433
15a03de7024f3b52059860768e4f9243,0,0,0.3129577457334285
e74b4771df36b690a92610c4f66fc9bb,0,0,0.34999771012360253
7b1d3599666325496441103e9fdaeef8,0,0,0.28634348065680865
b563f2342ea0e6748c6c168241ea0af9,0,0,0.2345023351429884
e9aa20e0a5496cda2322b709c5e1a0ba,0,0,0.2779023847111564
0f6d123e7465ba6b41a5842225131eba,0,0,0.39777997720824493
e49f36bbfd176a5c0d6f4c7bbf5ee3cc,1,0,0.3997681357338929
f8707dfa03e25a84684b2140cd88acc9,0,0,0.35340142660948104
571e0637f5489821ee6ef868982268d5,0,0,0.2902802337637149
879815417ec7de190dbe9c100e8f0309,0,0,0.08007895504320545
a93822cb965baeaf8a1975dec0ff92a1,0,1,0.5592412454218786
f7a46abe2dfc4f2af394640051971ab0,0,0,0.2609756063278653
6eaddb33dbec169e713cf1ff3c6a509a,0,0,0.37992985633006066
e787d39671ccbe8db56d1e703cb1ed0b,0,0,0.3063289248576294
4ca6ca83ef03e38f38b97208d7642a20,0,0,0.3663754933990646
e5e4ae2167f391d3e68db4314d0f4a68,0,1,0.5521266631871611
c2b12e5406b9dd6f0bebf420da65a84a,0,0,0.13051295826290157
a312612430544339973aadffdbc2a919,0,0,0.30672462334990164
d7c62d9ba9fc523d571cc55a0584cecd,0,0,0.39157593205793795
ad9e27e4fb9b431c4ffbc5f7cea30b5f,0,0,0.1060704998577057
5a6c5b8ede003cab5017781978ff7077,0,0,0.19845133641880947
65a3970116ce4d9cd346ae9f570c767e,0,0,0.23201264836374202
9db4a1b37fb5450a4ad952943354ad42,0,0,0.38885800465487724
414fa5b9eca1802620a322702c8723fb,0,0,0.365268955978774
7c311027244f8460774e924ddccf7744,0,0,0.33558762434798295
6f3763461e481197bb3c669deb1a88b5,0,0,0.3078009264130096
82d4e153d1fd2aa75ed05f8c97056051,0,0,0.39386254629727696
79fbc209a6ff6b0a022b4d7f5c81a5f3,0,0,0.2194720120888168
ebe28b9cc28a336033b562254fc9835f,0,0,0.29041718731684474
2e2eff708046ed22bacf8e622602d06e,0,0,0.48595834734768817
bc9de7bd8a721bf60db0c2e38734a4bc,0,0,0.4889548675306862
58f5499d66d9a61cbf5f821eef8b0f21,0,0,0.23015296257574874
59aff29eef8428be4b8d9ae7bd47ecb3,0,0,0.2168492166639199
3292f0704c5d11e2a5e95590897218d3,1,1,0.573249723808666
673b2244fea35a68206ad5afcbd0fdc8,0,0,0.3965783166007778
f3ac39ad09677cdb0cf77518d98e10f4,0,0,0.14748157120509686
0f8a234b087a15d46e80dc318b41ee04,0,0,0.42644044888360655
ffebf3f48e6728e2f688073b77ad8703,0,0,0.4312107235468949
117584e0c3eb5a1f71dbd13751d40b5c,0,0,0.33332478394257303
95373225e20ffcea72d4e222871e0fbd,0,0,0.3118046999730691
c58960a2916d05b28a816b478f48908b,0,0,0.38104126921046116
98951c44542cfbd0b29be40659fa6734,0,0,0.2721828458330707
9f049223d7cd3332316ff9aaa06a6ee6,1,0,0.3315584720287925
cfa6b3ff9e3dab41a580166b5b16093b,0,0,0.32389592769515785
ee67a539a606433df24637919db21843,0,1,0.5683191750869058
3e448e5d5894b5a66725fac5ff3ed1c4,0,0,0.22970294416460693
d03b894570bbe809ab2ce610d52e4256,0,0,0.2465097742263471
2f0c3925b3eafeb40d9f0cbf2d7e68eb,0,0,0.4050360916305934
46db5af66e51ba51f07d9155f32f4f9e,0,0,0.24041752985680412
f5c7e6dfabef1aff8c8b757c5f1beda2,0,0,0.45334769598151176
8ef8698671941174e1ed24d35b23a222,0,1,0.5481145921530848
0d0505bf72c8b8291dd5ca24c9a5e9cd,0,0,0.22971456675755597
dabb8461aeeeb64150c289b682336a53,0,0,0.2581066253479569
34f7f428d874d2cefabf73c4ef7a156d,0,0,0.35303808679947407
dd6e5a3f9cc1b3657c5f2cc0df148c26,0,0,0.33144511947126387
e09829b0e7573264a26bd9918f8d67a6,0,1,0.5398887281030205
5597438ee6a94b342b4c9c156c877fd4,0,0,0.3465771012220034
f9edeb5f222f4edd7506d38f24b16eea,0,1,0.514456470461104
071a19a4c9b0478e7ad6fca4781d8bce,0,0,0.34688432818907516
894bf4d3d5f29df2bbf6ff8e4add13ff,0,0,0.28584095125458153
7cbe891c3db23e4e213d38fd8b679d03,0,0,0.3739867303616258
22dc23342f14ea066c71cc3778c0a10c,1,0,0.31443972655196856
09c0c194c959968146c7827823cee083,0,0,0.2628160780265691
af47b8ea9a596c200ee39128a95738f9,0,0,0.27209369846526416
9eb53d7e3b76c3a6c9aec6be75286b5f,0,0,0.33293188230722215
64cc1952aac7f824da053612400740b5,0,0,0.23233913862813316
6bcd3b5e0c81603a554169a05c40469b,0,0,0.48035891825491184
311b30ceee500249ae82c437cc2e2cd7,0,0,0.4685849805965039
207d0b1a0fe18c941aeffbdbfd2e61ce,1,0,0.31177933704705446
6043a0fd520659a4c863a5d9ad91296d,0,0,0.36206869529596775
aa3a28485359b8b005a0587350276392,0,1,0.503298417218042
7b5c7aee19d3926592ef04ca77ffd14e,0,0,0.30101832204083595
229c73206961aefe9831a5484e46cf87,0,0,0.31804501980752287
cf359b97a77ea83053a1be672b55f8a3,0,0,0.2781185885015384
c0d60eb8f10c15fa28040be7cb9a8091,0,0,0.41714721725400983
961a8c4271775da3e3492d8779f1bd61,0,0,0.3751455046614579
9cdfb70886ecb55f8a8620af8a99a722,0,0,0.18732486594469935
847c0564324821818bba20eb08420a65,0,0,0.3130737326697831
873a63a80531e949e8b8602b29ec5f17,0,0,0.2979698004529927
df0edd6b1b907bbcdd5b285432aeb747,0,0,0.4458026429904997
41f7b89ed3414ee92cfa5744401a85fe,1,0,0.2746872149490608
d470c3074b9b003e6246e7a461872ecf,0,0,0.44035144003610704
3d7e9132d30f5e86737a7563d48281f2,1,0,0.2994930679704079
8dc018e7a387c73803e0c7da8fd99b00,0,0,0.23398004786747836
6e5c625aa9b8a1818d78af9afd662fdb,0,0,0.2860536284048147
d549fc174901b3fd4fe0b26c55f38e35,0,0,0.36319044279763946
93589fd6dd65d5e102a11e5bd0e16f6a,0,0,0.31823213135132045
3489a17935deea704e1bb683e88d472a,0,1,0.5263306416358872
d8bdb306494a4a0d382146a643cc5e9e,0,0,0.3608796224608495
76aa8845e7c32dc4ce46a3b74d054da2,0,0,0.4078285428348766
2f483fbd7acf3068fcfbc38768110b56,0,0,0.40814420242683297
ecfb199e8a2e4e9acc102006787b2b39,0,0,0.18534219348977968
f2368dcba86385b65e6209abba5d8882,0,0,0.393328425399802
932c6afa72b753508d830c37bc84f6cb,0,0,0.34064637302751133
b2cacad8fc00e79ac23601f35a3345a5,0,0,0.30644792900858897
195bc2be30bb50804f5de94886734317,0,0,0.2703730697042716
c309a1eaf97a2d5d8e7c8e5dad902b42,1,0,0.2988950592325272
f468f9f188c94e4858e179c879bedf7b,0,0,0.0725810537827728
9d5d72bdbd50f06ce4c175926dd27278,0,1,0.5135415944444113
3df6172ce3dd9bc488dbe768eaae1cc7,0,0,0.20056418358943212
2ea5d79f568d18fe24c0adff5890ee06,0,0,0.4021892861740543
7def2719f72d6e1922b858bdc0fd259c,0,0,0.3400585889363231
94a24a51baefe9fc13b7a415f85d2e61,0,0,0.3353526721175962
e91f386614c13becdf81cc47fadfa2a2,0,1,0.5060007567826246
cd335d7be1427e4eb956494e7fc639be,0,0,0.31398828946386603
d650154c1ec9df2e596148925ed32c3a,0,0,0.36459552907940096
f1f24e9f048478c6d41fa05795b1d424,1,0,0.37713625842589527
ab096433532c5f968feb52c649a20498,1,0,0.36134565345897357
dd7d9c2246bd3520f3a0865e73979778,0,0,0.24581725047742034
34b72a6cc0ccbc0e14e5b6b84f4b9d60,1,0,0.17998582218434012
5a81a2fa59e4f73db249eb2006fb8869,0,0,0.4411545258091498
fd880cc048f787db2185c7f291017da1,0,0,0.2970269897139394
133ec41f492190731129ccf38840d3d8,0,0,0.3218127194912266
d3f991d70ff7647152fc3cbab0ed03c7,0,0,0.3086221696031501
d5b324bb2039f6d8e000988f3043e8ca,0,0,0.22058613552842787
54f85139bd57d35d75eeec431d64bbcf,0,0,0.24496548564231177
d46b2bb09898e4da8c257172c4e9ba32,0,0,0.28166578102379286
c182cb24a04873967c0a9a130d595d04,0,1,0.5534997196035212
5cf43997e9624a3266eebe480e168709,0,0,0.22262473728390017
528a37912603e79a1ea41f772a7c9c3d,0,0,0.2533525585873657
ae9671deeaef183d84d1b82652a8c75a,0,0,0.15498387434870028
c4fe7d51112c70b6168ca161dfa0f6f6,0,1,0.5234379996734545
2c1dc7c0d2bf123b5925ea4028b9b7d0,0,0,0.1967875204358209
beb8d2fc54944e0f2e4281e4aa6d45e0,0,1,0.5592754028256586
a55ff867b5ba9d731ac6fba67410f4d5,1,1,0.5035091813991879
5fbaa10b0749b87862d9f24e038e59fd,0,0,0.3710909861491779
522a084591b99496efb6d8f421aae11b,0,0,0.3076477504180297
bf04c9f52c8352e67c99fe69e5e0cace,0,0,0.3121267495463094
dd004b468d369cd34dbe1f35cce5a76f,0,0,0.25632828575351096
2d45b170e4094729da1c7ae7fa4c8b8b,0,0,0.05934878702857141
ebd93238530228b5aea9e44b77484146,0,0,0.3153332620967457
bc15ea937d30b109896989e6f0d80646,0,0,0.31927937332907264
ff232ea90c874c735d047a9d778a8be3,0,0,0.33354266351362105
ed3916ac7950b960659bba2601c74cca,0,0,0.2477705941358771
50a5f006c252e5b1c7a3c5d278b037d7,0,0,0.339325226064083
4a5a8ce81e36fb4e07b8bc780220bf6e,0,0,0.2384204538196661
b119eacc4defef2855b994f78c2f4f6d,0,0,0.2483759032257581
f74d848c10cf9e1fb4eefc7a4fbc9e6e,0,0,0.33005220430046767
621c980e6b4fd1ca0ddba079ad8c8845,0,0,0.3261619003413135
797e305d75d1bd3e998cb24606a16a3f,0,0,0.1272969141665723
c6f92fbd6c22afd03c25a8bcb52fbca6,0,0,0.26890399841550466
1d4a665170914d996d3fb78069495516,1,0,0.32173968597381963
7bdd75daeab3d7495f74fe37a9eedc02,1,0,0.21558898998065623
766c3e8b56349baa75d136dafcdc5a87,0,0,0.06809765874031122
1f110c36faa6ba951a58ae1e7a6c23e2,0,0,0.4837298065436289
5514b18508f378a39f41657554aa72e3,0,1,0.6107396757016033
1c4783ba7a98e656eb9f8cee5eb8f313,0,0,0.4095292294832922
37c842535e78cbd149deafafd6ab53ef,0,0,0.45449287200457383
62d14470b878e0468831a03833de72a6,1,0,0.30384320165161044
93efa5f6e406b4569e45c36ad0c0a4a5,0,0,0.19268337094163202
d5332be2d521dd5e5f0b1277661e2c4b,0,0,0.2262341158103677
9a7a1a1a6c686c1ab6c1324fcf4e6dcf,0,0,0.2648368302707221
405677c5ccfe76147154e4cf02761f31,0,0,0.31489947001136487
452d4033ead852dda48dff23e928c60b,0,0,0.3079424408636108
3c0fdddfe7b70c6a4b41e458c73fb4c9,0,1,0.599908141390309
b99b1470c76af90a76a7565cf95c8b65,0,0,0.3342490503035671
6e060830a87aadc33e1fd9cd3ef6319c,0,0,0.03371422610350944
84a022771211e28b7049bd4bb3a9b731,1,0,0.30141674690185705
50434b1b8ff441a45b6f6c81a2ea8970,0,0,0.24729593717602544
ecce22a1bc0f44e628ef553a10750d6f,0,0,0.3794279152087477
a5972db79ff1a151b5a8d7ec225bbba7,0,0,0.277410127858211
36cf8fd2b15c5a61f55fd9bf30b1088b,0,0,0.36748308182625294
04ad11a5968a9ad5411118bb42d115db,0,0,0.29612062437150927
717b96e3370899dd6a9ed9e709692e9c,0,0,0.32536350350658627
dd34a3bf48119731d31aeef5d9c527ef,0,0,0.32507235460420064
f2f298bc9507851da5a3826e02bdee74,0,0,0.31290668117805964
f51f507e9a2e818770ecdcdc92631630,0,0,0.2515732618971218
8346a591fa03a12d29d36b4674d3277e,0,0,0.32270245702776784
4ba59a490f08c59db359b850ffe6df4d,1,0,0.4744995731917455
17159d3d74f87b13ba41bb00786c9a79,0,0,0.3463444631316806
43fc859bd5e33b8b3fe09561059835d4,0,0,0.34671818796648074
37152a22d34b75fb751f273e4957534e,0,0,0.3423318060427031
a3643458ff1fd815e08126a6981a3cc3,0,0,0.1883274708270079
1ebe4b3af4bdda2136de9cef108d53ff,0,0,0.2688799393507299
eab107299cb3a0caa1da0d826e257a08,0,0,0.33040149248366485
ba93b460043054b7804194c20172aea2,0,0,0.28432394312341885
fa29f1ca0ff1b1960c0746739dce6b65,0,0,0.48658476914195853
1ebd1a0fcc9bc458b4341ebac2b787e7,0,0,0.17290994112594518
1def4d17405acbfc075c98e43fe2e3e3,0,0,0.38201593386382693
f5e09138696759b4bdd9f360378ab50d,0,1,0.6211089253238575
ed5e2abfa18012dced98e07fa951e9c9,0,0,0.3085446817726068
7f2e6f3e47afde83f4155ce7efbd44c0,0,0,0.4022377443915585
fd76bc3bcdf624035a0f6c8270af434a,0,0,0.4396208454282725
35acea4a980ceb41aa930728d8cc8880,0,0,0.04616064208727491
03bad45618dd2dbd44ab275250e0ad5f,0,0,0.27035650579006204
8c23bb205d4c466aafcabf47abf84810,0,0,0.35900715237398406
8fe996cba821e37d6674a793b1cb424d,0,0,0.3590871011728165
8fd590fb641175f98dadf671a77bf7b7,0,0,0.15273537448073266
7c55792e7a153de4180d98f852bb974e,0,0,0.34050495352172816
01a0307ea9865596f0f7f8cd3844e6cc,0,0,0.40530526666181965
11f3abc52f03e8b375169bb20db44c51,1,1,0.5920513589127391
b1b26f433f3b958baff1454b2151c492,1,1,0.5156862603795056
70301fceef06bf46493ddc8bf3db6a52,0,1,0.5501990287165153
1718eeec408d6e7c1a35ea56b6f9aeea,0,0,0.30016784122986406
7315c070c17122c87296e0724cd9b5eb,0,0,0.3257385714371344
a9738cad3e8d874ec9d119ba0767d824,0,0,0.20376161250452218
453d38b7237750949a1d0d4dfafb4143,1,1,0.5370161065441735
efe0b8e716b7e5aced4858b7c612cb20,0,0,0.23953933403161048
4534f84400c208b89c7bb7916f63083a,0,0,0.2523724399519081
1599cc81cd30a1eb316115ea31b656f3,0,0,0.31741280564383384
996c0277df327d7e2c855718f1cb63ea,0,0,0.30674582760481917
4d50c004a4316f5588093ff04fe6b3cb,0,1,0.5901458655445976
020fa2b7cec81412b28158b3f78e28d8,0,0,0.49457655751533136
2526e9def81f3dc70cc75fc3f0c49ff5,0,0,0.32403632801497784
b4cd3aa49fc6e1b07143d1e01677a608,0,1,0.5394344635088506
53fb70a38f7fdb4e2219138135a6e9b7,1,0,0.26041248179047494
17b819cf41838da5c04b14ed09ff625b,0,0,0.24239103011826607
0a12a439018be2c8e029d3ead264cb14,0,0,0.3464154406746194
16bdc0b3dd5ab5305f56acb21df2053b,0,0,0.3525123007552255
a3cb667e08db78e87c9dbd101928ef08,1,1,0.5576670508035246
48f0900cfc60cc70b849c62a48d06e18,0,0,0.3390597146754071
9968ac490f38d608486b60fd2ed05d19,0,0,0.2591535012461599
6eb92540c5ce8e24baea4cd7921d18e6,0,0,0.30785715012503473
585061cbd3ec06bef1ca4a3c63220ea1,0,1,0.5467323412254285
33cd3a6fce274870f2f550b72d541a3a,0,0,0.30725193385071525
3c60f41e5f15bb5c7b9336d91dc16ff9,0,0,0.2025066607659899
2989ccb5840f6df6778c5af91165e9aa,1,1,0.5297382840814779
2161dcbce98e07ba5f063e04dc97b82d,0,0,0.2858950970572484
003742573bb97760793ced15e3e11745,0,0,0.37601696814938884
edc9d08a49b565095ec33867745e5650,0,0,0.27225483228550174
26ab494d4220139b5a55b8b64c3226f8,0,1,0.6427695816609329
fe69a356bcd170da1d8e441bc02b8a06,1,0,0.25674684658539787
acc2a50e520572161af683d690bf4318,0,0,0.23885684686272438
4ade6a75d3940869bb65e40f66cb458d,0,0,0.2611497303973777
33322c9e115b8a926aff99dd397bbfda,1,1,0.5710581865586506
663d8552903527d1965f0b87c843f406,0,0,0.28071621032147276
05e69e7434ff014115e1c9f36ab0278a,0,0,0.2693142393050294
5e7620d4e0c608b19f8646abbecc920b,0,0,0.37191861059979225
1b5b05ffe5782481e5084f23291096cc,0,1,0.523803305091813
20869870a1ff80e8025d9b2d31d5238d,0,0,0.3242533208120479
cd724ac83897a3979f92aaf10355d4ac,0,0,0.3412255789751385
b325e6ea69abd9d48dc9f9d07f8383a1,0,0,0.1821252980219003
9eddd8e76ba40ee90fb3c0cf16fb2d0b,1,0,0.4781978143428989
8d63a3699e8cb8653956e7ef7abc053b,0,0,0.2519365471561999
4346a460d4415a9c639c58e13b398546,0,1,0.5230397235966191
3d5e902bea9a67154daa0b5dbe25f113,0,0,0.4677752871396283
791c3390f90706b4ee5036bf3208183f,0,0,0.3482760003250656
19fb674c18f6624401706cb5cd034f5e,0,1,0.6069405247746475
6cf1912949cb01de1cf8fa0c7f644d0e,0,1,0.5640098648298005
e06b1c7418193ff9f5379ec70345568e,0,0,0.4169645118704553
b5f038363279da9e022d0bcb265981e5,1,1,0.5620411814713822
8c08addf40eb20ba65288931f270fc09,0,1,0.5100983305967103
01aeb4492c8ee28cd6c6b9517c52362a,0,0,0.3847199040875392
18a2e2110c48a41ff98cc799b0f016c4,0,0,0.4637049139796268
1ead1c2afba1c19c4030f0dd4808ecfd,0,0,0.2198345665993489
85ccc8433656c52e960e79f0f5e40de6,0,0,0.28855570423467136
e3391af34ec506db3038b905c6e48b8b,0,0,0.0881632662544987
fcf1d61058229c4896bee4fb329d2e7b,0,0,0.2521625999432946
adb6d4057b3591b01bdd712254023960,0,0,0.31136944720351073
658f8e6cf69e6e5bdc3c0055a14cc7be,0,0,0.25247382099693283
492dd49c9173ba0edcf5d4431f0e5ef4,0,0,0.2601161353134431
1c8c93e4ea782d4ecbbcaf478f3644e2,1,1,0.5522884151010173
92a5167ade40f3f0e68b265b1eda87a9,0,0,0.3316407444843667
8d767b689950daa1e1ed2f64bdca47dd,0,0,0.29782751021553666
30ed74c098624cdcdae08ab0f9c3f01f,0,0,0.48372807393455886
8cb2bab126866a2caa973fdedb42f006,0,0,0.47804480660654947
8f47bb0127440a3b3423056232ffd7fd,0,0,0.32898955101168037
9d860782b2d210345231cb660828b48a,0,1,0.5859248478080006
d4932a168b3d7c397787fc8a8004337b,0,0,0.2985398137136604
fdf38ce571006b06d167fc248a2ae1bd,0,1,0.5678090580684851
93a245c63c00c9309338069e93c21b10,0,0,0.49111197508374715
b7a3bb69e43b143b1532e42b0556020e,1,0,0.484001736492584
dfb692b71601774e57994de1f3bcaa07,1,1,0.5381789613414574
33cbb45bf256e3af97b599ba6a9db6ae,1,0,0.3073935375023646
a41a87e6663c3db8a0a7a5a5540bf3e6,0,0,0.3983602111021507
ec426354ee952b9a2741a075d3ca6e9b,0,0,0.4766994367050637
b9826722f764d7a0e9a87c7d754377fc,0,0,0.4953140305137797
8ea7c67a2fa0dca2571b24d4de3a894c,0,1,0.506894093256692
bff37de18abdf0eac68d4f1d7937308a,1,1,0.5006046806933988
afd81fb1102a9b6f20384c171662a96b,0,0,0.23495090001519803
21d8d0898cbf3e97a25432be026f90ba,0,0,0.4873121529198334
4116545e5537793dc6cad2cf5159d37c,0,0,0.3585887423050557
2ff243d2f76aeec88cdf796d182b7a69,0,0,0.17611456183491264
741828a5623251dd1674b4aff83292f1,0,0,0.33061386417581384
4898252c15ea21283417ef30b905f4aa,0,0,0.33196330506073046
02d0659d4a3c834d686d268899f0cfd4,0,0,0.34786209963428744
8b3084549d864c4f18f7efe26566bc37,0,0,0.38913693581866715
762cab733464cae4ce1d452ce84cb94b,0,0,0.04655238734320057
b29d6c1439245c7c817c69a03f9dd641,1,0,0.4057175997068796
569ccdbdfb34f267d3a1c570112c9477,1,1,0.5365551982326686
77827f1efe41942ebe68b6d6984be454,0,0,0.3040396081518685
ccea5b8fe550112160b9e0020c7def9d,1,1,0.5779241652098789
47e976c5d7f1ee1fee6d60ca39fd0218,0,0,0.38436812106062695
6d54428337ea0b535cf6b7f15ec10445,0,0,0.35033030885080474
60c2deb8408e01205972abe6515f3299,0,0,0.33428633105879846
7ef9708bbe097445f0571a4ff57b482d,1,0,0.2774871104907948
babb44a9dc1c1198af444071a4d15226,1,0,0.3817880077132843
5eb6605a5aaf9fce19d86bafab3f50db,0,0,0.46013731693562404
f6e26beee5f970e795bb6280103d17c0,0,0,0.27893626166175217
545eb4263a70698b45753b1bae134232,0,0,0.04730740590009055
681a6eb6289779a418a2818a2f219f5f,0,0,0.4509371358794276
c2bc892bf1a5a5e6e6b6be874d7ca338,0,0,0.275656477092896
ee5f0a4e614c7387d359dbb104e6dd72,0,0,0.4597645137446589
c13f210de502fe381356726e19bd36de,0,0,0.2689759026409798
733e95ea0970b2d402548f794052c526,0,0,0.3216520781659844
c4990b4d5b2a68ca64a4b3d870e26426,0,0,0.3478336362480456
70131f3e3cd5e79ad70f9ac979814d9b,0,0,0.26617898801620254
0eba8e97263f508fd796a9a3bda1ad17,1,0,0.3175103976107565
07cf5cb6081706df0be8b5512bc18000,0,0,0.13493467503011383
cabe4838fa9a7dd79b38628244584b88,0,1,0.602834098099546
0ce8f8112e7912e1045a194078d59da5,0,0,0.47438293847168095
572afcf7813848b2486aa62577f4503a,1,1,0.5690743193299079
01290ddfd35c01340848d10715209d89,0,0,0.3643198576002405
73223b059fb68fc120fc1855b58e4438,0,0,0.3274586898513567
bca54dc127f7fcb20d578c7f6dff3ae6,0,0,0.2502758288938501
d2043adb02d877399509239994515aef,0,0,0.32013265767157983
7ffc4c924caa3a403b9305773a272544,1,1,0.5003828198839542
a6ca2eb7dd95e6cf43d4f45692980899,0,0,0.3542470695400397
8cb2c1dc53df36fc85480b3258211693,1,0,0.3616672812918933
536d2d3180921fc5f9465fd99081842f,1,1,0.5977283418415062
1af8e1102433f53524ad41a8a07aa76b,0,0,0.338344395840161
7d6169fcac7761729e0fc8f6e5067e5b,0,0,0.4750047133735791
76603f9965a48954022b99597482b993,0,0,0.4802774133455124
47a84301f61c9e35a90c5afca0bc7ab7,0,0,0.44302276577087146
2d3cef56c2a99642c62c3f136fd71dc9,0,0,0.36917742175730345
07d7fac8079fc38b9707581a8c12f414,0,0,0.190856780162486
9d7eb4a2719159cec513f344ddc65f1c,0,0,0.2778472398021687
4904df6cdbbdd41dfd343352741a7190,0,0,0.3545939668446727
4642d436bd02af2c8e402a27b39255de,0,0,0.2704060123798395
2b09e6eb60e90009c66f73a1846e6373,1,1,0.6168518875109547
82a711f16723c629a9c2f59f011232d9,0,0,0.48660753632651477
2bebfebcbb7c7cfddd802b4d233c544c,0,0,0.2380046731895456
69768a982879685f6e4f19471aefc54b,0,0,0.3151831758753788
7468a3da16a97d6b07b5c74a8443d90d,1,0,0.33561775231400814
4b8c8bb57b36b415dce88807342cf99b,0,0,0.32380153971942316
081dcb4adfa41d51943d042fb9ad3596,0,0,0.21268895991460646
dead8122e9d12d20747cc064edc058ce,0,0,0.40687240060585333
4c33a11c5f6ae234285a0c74c9b3407b,0,0,0.17713374462333717
50014d0472bc2acdcf6ae91c0d042fe3,0,0,0.25612368372520355
796b3042cf4de32c9f963e5daa3fa672,1,1,0.7361197810598716
6a7126353310158166b45be984a68548,0,1,0.5572513838805674
b539f46464ad2ada4a0e773142cb590a,0,0,0.3887783354054301
32564b799b32536b6b7e308d901c14fd,0,0,0.32924048938935185
0d16e4bd76770c6dbbdd16aa035f02ee,0,0,0.37443226313306033
32333de2cf81ee71f6e3c286d900b1fd,0,0,0.32884289979425546
48fcf94fb9d7395e22e51b5008489c11,0,0,0.4178236671330328
ae8757a74ecc6650a566e1872e1734a1,0,0,0.3098447970814371
a39ea676245d73b34142e7ca8d6114ba,0,0,0.2527657777974566
2ca3fbbc6b0987270e2d0c8027ee4e04,0,0,0.3884806157984365
e0719e66a0fb2195f56db9f08192055c,0,0,0.03549815966795438
ca168bd07f0a2abfa2ccd22acfa1ebf8,0,0,0.3133972882406485
48f3e6e86f7a8656b2c6b6ce2763055e,0,0,0.3905988435565843
b7e0a6c3aa3d3cec7845344e72b65074,0,0,0.3378738405734979
87eb4b18fd2fcdddc0d93cfbad920478,0,0,0.25697835426741766
71a651285aeef0e11634630543a1d5c9,0,0,0.3348045320918379
8c26b63a58eac10ef00918a2fa4df800,0,0,0.32219291976265874
3f8aa32d7e22a0817824d0f5bc9ae282,0,0,0.31816274492982755
30a6afe1135a17934cff95f20ed7313d,0,1,0.5168554466293438
4a5ace292ad1e4968c1f93377d330896,0,0,0.3437658488090167
898604c5911cc5e5ddac4e911ea057e3,0,0,0.36597595617539386
1750ff82243c6d40619ffdce38834a57,0,0,0.19247089546905713
cefc048652d83a3e48927d86a2454d87,0,0,0.34823036958529596
c2e8a65a36122b904544df8ebd77e64f,0,0,0.36568826447826275
8c5aaf4a8f9850bf00c3fc8a4081ef41,0,0,0.28023740980463246
c26e1d524a2c85aa0af7aacb141a0e11,0,0,0.306181961171045
9f080126baa731baf2fb5535ab8f067d,0,0,0.39526006618681714
78813d135eb71e3e8784ed799e07ef18,0,0,0.49977792682677064
85c1adabbdd6fbe5cd4060fbc79997ff,0,0,0.38261320542463706
98a48424d6bd1913249c77c1b3de0d0a,0,0,0.3272291489676503
4289e929ecd35a0754e697feb24a091b,0,0,0.31350264203122413
3ac2e1d9c8311a3280b04b6e02d3eabd,1,0,0.39732308014399437
d079edd446c9c9e0e587c81ed43e247b,0,0,0.2852119387377858
9e0501ff4a8d2057a013191f1ecedeb1,0,0,0.4164152200124354
50d33a552f3001c9e77b7e8976569611,0,0,0.29049743661108973
f4571ce4c1e568f60bf61ab370719265,0,0,0.32905639572259404
36f07294c27a3da7c318fa45397b2116,0,0,0.35078071237818287
db27eaabb61a05529b25c5247906e03c,0,0,0.40867286856249097
031984e9ec2f09942717b9358b2dc7eb,0,0,0.41471244115054917
ceee88da71ccb01aa3d3e7aee55b640d,0,0,0.27278824272447105
3de934389edd5ef9d517f73c535058f8,0,0,0.2662825763694065
c35e04c053064e535001bf9f67aa8149,0,0,0.3420845387089679
79d305be61abdc6882b8343a31735047,0,0,0.37814780779404067
5a4260dab2c8f97c38c0ec510c2b1f33,0,0,0.2237091145562043
58a72330c790add6a8a8ddd8dd073017,0,0,0.3735588664252418
dce64aae2403a6f7497df6dd32cc7121,1,1,0.5625497850810052
5eadbd0f5a7ea2a03019f42e1559d99b,0,0,0.4014292579209118
63a5920af79b16e79d7bb30893955c5b,0,0,0.2702719449935048
2785a2bfbf04d790e1ffa8fb69e0e4e9,0,1,0.5376840197648831
04641c18db1f51a7f7829b6e3d7ef767,0,0,0.27667805722597855
9103cc96c9dc9bdc48f58ef677c92429,0,0,0.4675155898589377
4ecce3cf0f716e8f41a4051d616b7b05,0,1,0.6035352930768976
dc3d0035c257b4078a2298817f9e7ca9,0,0,0.344572719005906
6437871a7ecd6277ec2b4891f42d3142,0,0,0.257284262909488
76f511095d9f460733efd40d74fd27ea,0,0,0.32717758514525086
6e4abae5589dabbbf0f875fa5d40f879,0,0,0.04901268528366197
1eaba63cada8a1de7b88561d7476e5b3,0,0,0.35021011371469124
7e2763333b4aa4bec80cb0127afc1361,0,1,0.585640185368513
e338c479a6cdb5df1af710ef1da77a6c,0,0,0.1938245001653497
49ffa8d0eaeeca6b797391bd30d60ef0,0,0,0.304443883158842
4d659f69ad1f68afa92095dc9b53a66c,0,0,0.3326027268156723
fe0effe462cf851ec58677332fb8e02c,0,1,0.6238596889202616
209aff2423b57b6397ef003868c6f51a,0,0,0.28218652738077127
7e8b36e32fe32245aca861f6490abf51,0,0,0.23594812329866038
ec0bd721e3c189ab343b7eb71d8b68f9,0,0,0.3222938124096121
71b563e6ce85a67aeb9d7db457282e01,0,0,0.26328077107673403
bff0a16d20aa41c55f098fff7ef510e1,0,0,0.324190446858622
029710eca6b617b81aca89d813a1cc3b,0,0,0.28916257421837244
e459faedbd6f7bb340d9168b6f3b68dc,0,0,0.37141454904226995
fec08ab2fd4117069e676da8df751665,0,0,0.22473270056923156
9a56c10857954d7a8cff0f854337b3ee,1,1,0.5374076981002242
eda3d7510c061fdce027a99d16202a66,0,0,0.0817431326452533
1da648eec1f80913f61e4c3ce9d5c1e3,1,0,0.3377076555775293
d7f2ab8feecf2da1d84f98216cbba00a,0,0,0.3314144810564372
e0605c17aa3295dacd4ea10090add4f0,0,0,0.3542224993497509
af46f425166168d67c401be3d6915cfa,0,1,0.515293781150713
ce03382a47bfa8a90441b05c72762276,0,0,0.4663222530824449
6120f96ce2234ee2ee1650cf508710a1,0,0,0.29567404200541636
0088f2a16e21e31f1474a2b3be3f673d,0,0,0.3766489675316717
f53a254b1115634330c12c7fdbf7958a,0,0,0.26259199717177173
4312ec5ee93a332262c9f1b11f0369a5,0,0,0.34666974769411263
12a6f7a7aeded7148d1e8d8ab28e9816,0,0,0.11169313680754611
9f470ee1f06bc498baee9c057aeea521,0,1,0.5155211159539911
eb489d9a9b535b5e139a128d747d0309,1,1,0.5924119007396066
13c5dc70eb3121649c11ce743275ee1b,0,0,0.40504340381716863
97c6acbfe416ec85224c61a5425ee9f9,0,0,0.48806803511362035
a41d9e76730729bd2035cbcf6d03a181,0,0,0.34559208159821386
35fb11386b8a807480c2f066d1113bb1,0,0,0.4908778579170898
ac4014f4c6970076ababcd738d3e7b95,0,1,0.5015430641127363
1c0e737daeb1c196be192215e8830694,0,0,0.2502469273247305
1569ee49c38fc7d2780d69955c201148,0,0,0.368166646770221
6dda5ad3258a305c95a4720e4b536d50,0,0,0.28659261480890835
18bfae0f560a2868c650664e236004b1,0,0,0.30649983703895295
ab7014aea5113f6fb09ac6ab548aed2a,0,0,0.4200345114711329
07947c64fd16c002f12d6c70ba3e00d4,0,1,0.5640245063375362
079d424ddc2100542579b9ea3e00bd47,0,0,0.4793790405295794
afd456e3b4aa65abbb7f1b76336bc2fd,0,0,0.4154913156580581
8efebe96305bc36d65fbf68064a0b9ea,0,0,0.3398762880985229
b5fddbc809d36e8fe2d0dd53ff1d9729,0,0,0.36372541537244274
819711f45422bbcc46fa27e17e7b09a6,0,0,0.2051861856310861
5bc4c9128a508ab6808d6871ecc1927e,0,0,0.27434124479679084
d9824d0d6724578ded93cfd9d6774792,0,0,0.34041781323136994
a4f07d1141add8c6db564a91aa8c0b0f,0,1,0.5157483452504781
d14d6569e7c42915430d2bcfbdf25740,0,0,0.29310056309532756
84a531ff14ca9156485362f45bd61cfe,0,0,0.42199726849630353
53e0765064787df63c83c90934e6110d,0,0,0.2507452215074589
3bd97d79feb083b315baa9545c76c84d,1,1,0.564484940591395
d47795d0181094eae06c58cc857b59a4,0,0,0.11876578368449231
ac1d0fc1ea55f0aaae0f4afbc7217412,0,0,0.3616295840409159
184216b4292763b3ef69a09b9f4e24f0,0,0,0.3049654800573145
44d39c617fdac7e721a3c9ae988b107a,0,0,0.3264663387699347
a2b56155b068764870f5beea31fa43d3,0,0,0.32471828608746434
7d6a3f3f344c71aef56b1123bb440d37,0,0,0.25884772139988554
50223df7a7d8d97ea1ec6eb0b247e515,0,0,0.20422369837454377
08b30431b83424b9013133751fc0663a,0,0,0.3276507895741974
e5d96caad6a0e2847f2534c078ab5f96,0,0,0.35051869565783034
a83153c158b3e396f970da581a3e5e93,0,1,0.6049643780833283
96d15002d11fe5e134a79050a313fdfa,0,0,0.3924583352452644
835160d25cacb3f628837210058d843d,0,0,0.2243163031284729
634d45939348a4dd384f4888db7c71b3,0,0,0.4374639609576762
84a31c89de243c2da48e7e066e27fe19,0,0,0.25918650759476963
8754eb9d11542356c758c2b04695e2a7,0,0,0.44218720971173986
eecd3060c74cfc87881e2404db98cdfe,0,0,0.36306158964092106
d6aaab4325a4221f57ff26e12ce4436e,0,0,0.39678768557063565
2c91aa119054d0ea0c3c0e1b95523169,0,0,0.46672862187375735
3bbc85f0b810f49b18fc0c8dece484ca,0,0,0.3841889755926961
c7b0fd11ecb3d3cd92d56939a0d0490c,0,0,0.4081474677017738
686d8d2adf52edc37c05e0cd8c21f307,0,1,0.5188808851266892
965ba2b256d47fa85bc2235b4eac45e9,0,0,0.23665519136733515
bf79c3788e0cc71bfad77f080fd4f3d2,0,0,0.3494577512511595
416f0fba01e723e0203315445cc36b55,0,0,0.34674467513612023
94fe6857420f2b78a152b02ba56de5bc,0,0,0.3687816437995711
364d7d274ad745b8633ba175e91406e8,1,0,0.23696967361816657
fea1a0b4c84e63ae204b400e3a551c0b,0,0,0.2859139389176655
edebcd733c5e1c6cc1721f18fcec3ac6,0,0,0.20354753116907937
de72b580225fd32c4ba54e35fe0ce51d,0,0,0.23736610111922452
ef2401e4a5fd744dcf043352670e5012,0,0,0.20104511384449825
d6662c61b3d643cd67e4c63443879025,0,0,0.20658802862384154
6c3c2fde7204afde1b620d53e27795af,0,0,0.3914307170846524
f78977710b9a8612ea79e71e9e25a50d,0,0,0.3625992377409469
5330e5fd04a0fa0c1337cb68a5f1cb9b,0,0,0.2920173409789837
372509f631bc3c0feb310ca1d5a0d100,0,0,0.292969894260451
9cf58a9b39e0bf9519886da243bcd309,0,0,0.45377240061624974
e794eef02519a1c92d25159325aea47f,0,0,0.24727877613732843
6d5458332215de3256d59dab6ce0d09b,0,0,0.09154597626609051
6519f6048d9e9c10bb3b9788c9818593,0,0,0.38966490508998725
9cc960507aad985374d4a01479f42f8f,0,0,0.25292819087289375
f9def7d78409dbebf8ffebfa63bc5a4d,0,0,0.22807372731528783
e6054c856a47ff8d15be38311e669f4b,0,0,0.29959595134664
b3527f2ce6b4edc880d09e198b8f4ffe,1,0,0.382053913284277
c25857d07563e4ae2ac19a74a5482c9c,0,0,0.155901743116498
a2a3016a17fa1a173eee5db998569e21,0,0,0.26205630870555674
5f37dc339ab4fc7bccb553113514200c,1,0,0.3591319944242048
ebb8ffb981b2d4bc9e0a69ae7f21414e,0,0,0.32599515177108773
ef8a0903ee5518b2f4bb7caa5880688c,0,0,0.22217126724144814
b25e82d6c02fb0d8ad15b581b8c74af4,0,0,0.26495723941460764
e30ca48e2aeede322a328db03a543bad,0,0,0.16245418882109333
a23f8f6f08cf4fb5081bf09b154b2d71,0,0,0.3531428380296542
a2207c40cf461eaef4f604365f60eeea,0,0,0.23640440591936077
2af1474cb134706fe7a49f22c96f6190,0,0,0.24763967270042225
3096ecd5ad33ac5b74c7a790e6b0831c,1,1,0.5084188779598211
9917f462d0ee76c46039e043b6553db8,0,0,0.41261944623303876
b01764cd5173301b858e53e712af840f,0,0,0.32010336019981217
adb10fa77d95885eebe00e56a18d7fa3,0,0,0.4184734770213499
12c6f795e0d2b3419ec7725f2916183f,0,0,0.3169279689365279
b1badfb72bee5de5b027429b7bf475dd,0,0,0.2549944356661945
3d0a628a0bcdeca7ee4f4226f3552b47,0,0,0.2859747267555042
0a80d9e588c335a23b69d14e291676b7,0,0,0.2598186525544435
5ec29d73a4d12d9d4d5d852650bbefb1,0,1,0.5056721020142367
bd77ca52a5e7934abfae6311f8a7ba13,1,0,0.2357112820885513
b1768b0972030be715f6d92c176607ef,0,0,0.31886686664763203
32c4f6265b26c89dfb05c54e181d5906,0,1,0.5308687334120248
af9cbe1996c19e58e0a28fe11de8b66f,0,1,0.5552263903311395
1c05eeceacc9dad10bcfd18eb0dfa6fc,0,0,0.23257907803327676
8b7d9edf4babaaecb53bb35b64a53a6e,0,0,0.22017112489979962
782d072e7b10d8447b4f8b2dd23cab7c,1,1,0.769435474648113
9bad062d7e28e55fe2382d6a1dfd7f5c,0,0,0.4379443814723454
1b51f7efdd09a62017314ee5a2ef11a1,0,0,0.24325515328670233
91a2180d1886ed8e5b6c9068739dcfea,0,0,0.36932227576941523
39d790ca48ae780dac2450a7621b429a,1,0,0.23769557404453998
fc57cf42a8443934a56e07da5fb7648a,0,1,0.518629107385089
3fbcd41051a2d5ff7c9f4041d032a329,0,0,0.3833609202577658
b78db6c875e6e933e6031a788a53059f,1,0,0.3360695466755886
b0d99dba8a43317782f965a79c529436,0,0,0.21504135971088892
0e3bfd240a39bc81e29b3787375a5128,0,0,0.3552024765543855
4be292f6faa5cb98266310d8b66ba7db,1,0,0.3412191859908637
b902c374874621fe9ce9d2c7c0d5dd3e,0,0,0.3471664402972769
dcd86b677d89401bbb6f957c1c20a399,0,0,0.36115223099192023
88b956331aaf6df89d4b1f287f061c96,0,0,0.3013104385183707
ab3dea5cf349abfa77161a8cb1f1e662,0,1,0.611734678139538
d9d0d5a7dc08a52c1d15aacf9f06dfe0,1,0,0.2570083790481082
828051f2c05c7568c059fa38dd99e4e4,0,0,0.48446319476755284
0385cc6cdda880627b257eb1a19d8309,0,0,0.4471573909555891
24fea0fffbb84d2c8028ad97f52cfe32,0,0,0.35177937706417445
c87a9923a42534b7d2b5ed332b8c3591,0,0,0.46974808885384434
281e19a0d376af7a28a5b3e15d3bd92d,0,0,0.2830584471342614
399efd406708ebc61800cc5c984f0445,0,0,0.36189232423634005
f3862b558211c7770ae84e170e9c12e5,0,1,0.5829687270056335
f9db07a94e477f12714a0808c2b4c92e,0,0,0.3478182485728474
b0ecc107ec5c6ea99eb2eead66797871,0,0,0.465312485287437
e199bc81ece6b013c97cdb5d64ce0a11,0,0,0.3169632084934612
d47d25c8435bbac6405156859676432f,0,0,0.3231725387262604
9c98224f8a5a7a554bf2db2ec12ed25c,0,1,0.5938239407681989
8cf649208886818f379b4da305737a10,0,0,0.35773985263321756
3124d12141d81758bc4161721d938903,0,0,0.20519090925372677
ad4862339e79add5c3ab8689ead63e1a,0,0,0.27423613073929043
f5e8b58b826b9215b80a53e7f0b453b9,0,0,0.22482059770620044
b39d3413629ff413fabc34f864915474,0,0,0.4009377761638286
de5bae999cb62c33ae781674dbc500b9,0,0,0.2710095910331549
9883653587b6dc04845754e60d89249c,0,0,0.37765700080804687
30d44ec0d5dfda7b43683ea88c449bb3,0,0,0.285036698823463
6f98be91190d010bc6df175c6d1c166c,0,1,0.5807516981299033
0a53013b2766f216c702a61ecf804a97,0,0,0.2836012489205339
0fa8ef92b06ce6f86184c459992d13e3,0,0,0.2389673839009858
47575a9fcc5fa0313d671355b6ede1e0,0,0,0.45141517152385496
7e2f73db04fc0c2fe761a511ba0b8d0c,0,0,0.3660817633446106
0d5772e0688966fdf51186f76d6ca19f,0,0,0.3473936231891873
d6899abe288b52cc158a4d7aad11b255,0,0,0.3271395936759087
c81fe0f148a6660e2adf3d394d506480,0,0,0.2241363351446426
63a9e7821dcf3934477529af9915b8f4,0,0,0.2958965444413564
b34cb638051f90891c14f5f7848dce3f,1,1,0.6370369572321191
e0b40169a9075474ca8bddab6d490484,0,0,0.31130887697895426
d310f076c5fd369126d1d6778405b52e,0,1,0.5157013104911795
a480ed557f0078753e50ea55fccd76c6,0,0,0.1321517132063593
9f969ba0ac2bd07b06128cee48c6e98a,0,0,0.30470588029477347
c6a61e88d0d64028db641604273e3ef9,0,0,0.2987452363040974
66973a605a00ffd816dd9ec6102007e1,0,0,0.16475917434745724
a48640db5d6ec07961649b064dc957fb,0,0,0.3856326530516544
4bb533f10115e18a2362962679e3576e,0,0,0.34124770219472284
06d2d650c4ec8705e5d02aa04ad3272d,0,1,0.5071527329650709
bd3d84bd4f01485df6d38d1bafb1a137,1,0,0.46214346495269504
9672b47b234e0963d416dc832d4eb4c4,0,0,0.45385436587927097
809469565880c882544d64ab7cff5b8e,0,0,0.253458302202617
4852f1d8b6f0d24be980035e6227c019,0,0,0.2816801719242117
f5d89ae448b4b14e067a8fb78b8e4c0c,0,0,0.3121630102620584
809edbccb7da0ffba9f6ed8734b345bc,0,0,0.3034407449760677
db758c34510fe27c4643881fe6e5adb6,0,0,0.36077251756408235
de20a3b42846fbc1ec5d137b9a5f654c,1,0,0.3751215452759928
4e18336b8fb49715b1185b5562dd8856,0,0,0.3367102594146855
0a9c0037e0c55dea87c6d403e249d235,0,0,0.4694287928064291
7bb2dc0a1af0e0dcec09a5e7a283678d,0,0,0.19257721560352478
8c48d1f7a1b83a42606c95f78ce0af9d,0,0,0.35179673401311334
0775b3c3f6c9b76fc568c609e4d4ad33,0,1,0.503320294358856
5c84594f68983f00722fc927c6d0cfe3,0,1,0.5369583322206334
a5482d2622bb8076a66f47a06d5060d9,0,0,0.3580706573713248
dcf75a7309966004d907f749b0c8e3eb,0,0,0.24967288906592952
0afab812aa1f7c1b75e00eb0404a03ab,0,0,0.451244411816213
b8628f1a56e8ff7ce1fad4a9f7eb4ab2,0,0,0.19622710836237986
51d7d8a0bf6b8bd94f8c1de7942c66ea,0,0,0.24455556047627947
580184297a983fc16717a31212b1c045,0,0,0.39846624105567785
c3f69d2222600ee840c7075108303ef4,0,0,0.3337297199314074
abbb1e6167e574f0472326361cefd167,0,0,0.26233666731903954
fde96e863acc927ca51d165c3e3bf987,1,0,0.4580236251830662
b79a7ecb10d098cee27e46e83939d66b,0,0,0.30689406400872604
4feeaddba2c9202130cb1cad685dac8d,0,0,0.2711021748851155
31ae18903c268ff104aaf32dbf6a3624,0,1,0.5318968512146643
fe70a3793148361211c15738a81f6249,0,0,0.25263733310046843
a8e3049bda65bc0cecb0fe798e0adaef,1,0,0.2386201030189581
eb3981f751c65cf709a6e1faa2fcac55,0,0,0.33178640043728636
0b1475da710c462eab0cade6bc611f60,0,0,0.14762805366096146
454c2113261d02bbed810aec59ddabea,1,1,0.5002640756364792
77f1762f3e9da86aedff2d73d85b5702,0,0,0.4466930530708121
104a7f854b7366fa9b57c44668c32df2,0,0,0.42480961993382194
1788940019e95bf16db9a0281ea28a0b,0,0,0.34794288488198
a2775954bd21ea7abe9544e7098ff411,0,0,0.42385021504429427
24d5eca9e48f98d4624e8334a9262f5d,0,0,0.27030735919737897
3d5b8f46542e1e2b9ce0dc7feb89e836,0,0,0.4470422392950589
4e58500c4ab8fe50fa8326712d8f3ca3,0,0,0.3447997857567096
5fa443de7bd82539d38248249677ee86,0,0,0.19583175075916942
93a09a62ca88529f88e6b0b46257640d,1,0,0.34152048932008106
31fc972c4621de83fa1c2f8cf043e53f,1,0,0.34932244465980683
d5711656692a07151db05e0b0d18168d,1,0,0.4287160193958558
c643520290b1723e0524a96823793f1b,0,0,0.43833795656015584
3a114f52a1243c46d33707ccd2cf5fb7,1,0,0.48688626506738664
78de579123d1a2c2039776b32245754a,0,0,0.3395651358223517
2bee866776aa581f5a54d82bd76d55e2,0,0,0.3728980884170528
dc778fddd4d9a10b939519c106b89451,0,1,0.5952669772321355
ca44afe726f11b9cda729db61f6e7df4,0,0,0.3395371448116852
9f6086c6412a5513e010919e05bf304e,0,0,0.36611055088023997
d2c8d051c425fa7e7e5ace3c111d840a,0,1,0.5542555630709455
c55919444c5a6be7a7f8d8714364fd19,0,0,0.4433488401155509
4a95d61885d6c71db64b7a4c0bd97173,0,0,0.3644653046786122
f2c6ef2fa0b1a52d02872832279081c0,0,0,0.2990039278625162
f5b7fe7d5cae41b0f675b4deabf260de,0,0,0.2980975811953792
3efef20bdd722d0c41753e66ac2ba9cc,0,0,0.3979485967533427
bf0fcbf369d74ddc913ede2cdf2bde3b,0,0,0.32186016381101473
b28a455c57fa6313763042bb607e50ea,1,0,0.2844428848086161
2a5dc830d0f2810a9f1fef26e8e594b4,0,1,0.5458568699825341
d40e5f89c3c5156f9ffb2f06d139dbf5,0,0,0.2712224210146593
44232966375daea2b2f0c70ec6290efb,0,0,0.29086702919080504
e5589f4f7d8ed74c47ddd700e1a4aec4,0,0,0.29542851449104807
b5e23b493c0a3cbd8c3b501c6a2b55da,0,0,0.24231191845393865
d0cbcc481b7c907e6fca5ebe6ea8c5ba,0,0,0.28456082649490655
7eee091d299541f313ecf996dc76da7f,0,1,0.5576449462480075
c2a4174b17c1e0d170729ef52a0e284f,0,1,0.5494518919313901
a1e508c5b53dbc70f3baa8785b189cd8,1,0,0.3052184277351891
74653f27523e5fd5de379148087796e9,0,0,0.1979850924931256
d91f06c1290f68c585f6953aeaf1801c,0,0,0.4838219307143619
2fe44c529c362b7384ca071a82566835,0,0,0.37691744529555327
c8febf964feaff6a3c9d19f68231e5b4,0,0,0.3091136330749893
7feef16bbe9ea618f187346df9fbf824,0,0,0.24682403335090006
1725caa9bfa8ba2da3d7edaf0a5a27e3,0,1,0.5585782754103402
ca8e2166c4d85f26a2460477a764eb81,0,0,0.3202404128448784
5c2ad6c5e097ea6c631905f07b02ef06,0,0,0.20416307252186588
ca21595940ec595765b07ca2e6f321f4,1,0,0.3850204427532818
ae0d92b7860752005251615a034f885d,0,0,0.3070240973005941
21b1a04d13ff091b721991632862337f,0,1,0.5746065360719151
e935d3017bcc7dc776f9c61a9e70971f,0,1,0.5940410591978776
979d00ca2f6daaa67454f50b30175849,0,0,0.3425341758685082
4162a5243c67678f4a12d1c43e5ec6d7,0,0,0.4637804310933732
a6165b4cce864612240b560b546b0049,0,0,0.23147712156423847
9849149b1f4cbe3ff7f10118acf3dd52,0,0,0.35792943032620206
766b79cc455a90e78fdeb631ac86c3e1,0,0,0.410180761429295
43e00abc0e1e2e0e5ea6674683da5db0,0,0,0.44827360032482594
217679f4b492a47243e013d42f1f4ddc,1,1,0.5048986493176061
d99608ad835499a6fb9dd4d020d3a594,0,0,0.2854472098905144
1d1f7a0c611d7bc6e5e847c2e0648427,0,0,0.36553908731998164
0403a891ad6bb2d63fba224f499d2ed0,0,0,0.2341569954675251
050508af2b19c14788622cf3e17b22a9,0,0,0.30720627046922866
d3a8ada2a0cc0dae3facd55e3e1b4011,0,0,0.42186607418222694
c997c78eeeb296c54b944616d7c9e4f1,1,0,0.3082846149537607
dddabbdb7277c3bfc7af315c8c816297,0,0,0.211408500226187
645bfa425e0add085f713fb5de904d2c,0,0,0.39301339855216033
8d1a9ca8f30c2ebb7f73bf57b6f2c46d,0,1,0.541855451157214
8bd73ab0ae802a1b9565a8a225a9a915,0,0,0.4093792801224586
9f4875bfa4ad7cceae19dc12bce6de25,0,0,0.4878224626049712
d8282cc85c3866b0b330356e63ef28fd,0,0,0.18349103349393128
4400032abd675e11ae37735f8bd92574,0,0,0.2827616629967888
e12832ab60b6efb6567688b69b7e9877,0,0,0.40154346487865544
f4ee30409009f8b6c9488189e8c44855,0,0,0.4059223212708297
394580b8e350c1759d94c3123f762a81,0,0,0.46731868177147035
0737fcb4d249d6142f6b738054ea77b4,0,0,0.2707930624998928
be7b316791c7cc396ab8dd0acf1d9be1,0,0,0.25899061175931226
806112351392f291121aeda3174af81d,0,0,0.24669475245403433
37b2ca2d2c3f9c3629690367cb102639,0,0,0.32990610617959576
86e142d5ce61c23b903392bf2af96002,0,0,0.30217410547960727
972ac85ef00f46fcea8e362153950e6b,0,0,0.3424919534244393
d7fe32b88ef07222a5acced564853329,0,0,0.3446817485607189
59e8b6f8feedfb43c34f669d88a600f8,0,0,0.46852030450773574
9569006b45973a8ca5b9deee58d262ba,1,1,0.5485031479787782
dd2f1794430dbd0425e842b392f65edd,0,1,0.5412957809024198
0de79603a0db512f9167943346743d52,0,0,0.15613988529967104
21b1a5231b7485e2b3bbde169b54c1c7,0,0,0.2928828259036167
24b66eb2726df2001a62eda87a537fd0,0,0,0.4159799712595034
cbc7a91c04034bf0c7ebf9823558fbea,0,0,0.3148856163070656
b066b0764ac236b56ec54782d54108fe,0,1,0.5061849280080569
2c08d5d153e5bb9f45ee7bd0f4838010,0,0,0.23541081700798705
f5ed37cb875d0ca140113c16fdac2e24,0,0,0.19112974108608027
5ca8cf4bd22a670e03fa3295bd4862cd,0,0,0.15470766434424965
e5283dec19654f9c27d88f20d98fec63,0,0,0.2474118725780669
9c4c087528c30f10e517dd0a383cd4cc,0,0,0.3063664611278518
6e6fd2b51a1e18a355f51e242c6b078e,0,0,0.483687658767328
46e3fc7f290405cf54cdd65bb5a5c1e0,0,0,0.23204749018435378
bf90959afbf9d104f703dfcdc9eb47bf,0,0,0.27767093247069385
d401ef1e56fc8123f02f99b0a804c34d,0,0,0.30007849384331864
156cad160bb4deea6fd3788851954b15,0,0,0.3883402625560583
bd5486b92fbfba419ab9c2126c05a9b4,1,1,0.5589256726452266
32ce32821e121cfdf16a817845751923,0,0,0.476469273283951
bd27e19b7db0cea89b30897edb75caba,0,0,0.36626185435533143
637ab1d418ee133d3fce47bfe059af81,0,0,0.27575440703606685
c03aaba14506ae2239aa8f832933a4f8,0,0,0.21806892054745888
4b0ec5db337147d421c0cc9b0b25ee3c,0,0,0.4002979347673076
d22cfd2e4a7b408101d080dea85c87b8,0,1,0.5079391353717413
63108805ed4b48c2de04affccb69223a,0,0,0.33696739158541833
e95afe958a84c65354e36abad257c65c,0,0,0.20425590743871058
eb7c32293439fdb8376d4bc12a0ade1b,0,0,0.2730175653815737
032dd6015c15e4e3b1e2d5acc13b4887,0,0,0.21582265303330686
6edcb8e32a2a97981cab50d717966785,0,0,0.28838071962295075
b00b0b2d62e079c6d395e3ac1fd9f6e1,0,0,0.4340231181664959
ec3d4f0d40959221a75febc761f5bf6f,0,0,0.30739558270940054
3f03c6109909fe466e3029118d0e953d,0,0,0.10190334816713158
6eecffd77971ac8b7f4d84228950e647,0,0,0.40259464771575926
376da95acb4e6644932388ee6c4db0e9,1,0,0.37713854909338446
c7f71ed4157e76ac035d37c178384c02,0,0,0.312582868587921
b35f01e52b0d2877ef50acb666a592c7,1,1,0.6699022463181079
0cada1da2360fbeb654c5ad73dc603e0,0,0,0.24923358540129734
977b625b598cd0ba2c50364b81881b87,0,0,0.060625118226930584
f6069905f61b9357bf9f389dbd6e767b,1,1,0.7537799877161753
8bb4f0b5b53d1d2aa3cfd6ff75491930,1,1,0.6027797210396865
37c3d24eb534576a1183ae6a2cb4ceb4,0,0,0.3036543665723881
240e4b4d55561b441cb3e719b2e54930,0,0,0.358425583503746
ed4dec663fc8ff097f1b28a7631ae934,1,0,0.22023015887101935
f661611773013a688f1a4d81ce15c462,0,0,0.46516461904981704
8b7d5686afe4a8dccdd449b97f04262a,1,0,0.35303552064474786
bb50834e7a96b95f47185d402d99a1dc,1,1,0.5749785351439985
d3c2bc4fec6a1d1df1b742295b89da14,0,1,0.548297098427506
cf4cd338ffd8cef7a2256a0e003f37c0,0,0,0.2081312381251729
e69407e4b3bb089f289a455c9fc5b3ca,0,0,0.2189627647711052
4cfece0cf49d1bdd58b687fe099fc9ab,0,0,0.06662642424907866
3d2ea31d2a6c2987a114fcd8d55ae655,0,0,0.06536017421825016
62b21303568495589c4aa00a362b8c13,0,0,0.48744666083465993
7e5877e354dd1635d7e8b06ff6ea8adf,0,0,0.3279411543666936
3f4e986135347578843b8af2100cbeb2,0,0,0.451818542878412
3638361bbebb9fcbfcb302059ae0319a,0,1,0.5036542623148635
993927d19c637223f43ab60ea837e225,0,1,0.5032169174759034
bbf555d288701ebcb5d62215ee6bfa92,0,0,0.4073348100330285
bb0a8801f3ab4e54f7cb707ca2ed0a4a,0,0,0.3068841267962929
3e8d7aae1d161edd6125991d09328106,0,0,0.2880077270746721
c209f893a47a985051c7c94583fffe90,0,0,0.47090784387577883
bfe8a73e0f355ced00cd285d5709cdfc,0,0,0.4510337891037791
45d89f9a7bd18c070d61f5b0d3a4add3,0,0,0.3656741373692858
3e303e777a0f803c005bb44c1ec7c153,0,0,0.2883240801919498
f848956da8c29941a06be86403b287a6,0,0,0.21767671300338548
d43660e21f5a9fe897c4f848be3c160e,0,0,0.2856719681243021
2f29ad809c32c23bbc28bce890d888fc,0,0,0.2019710240154604
1d57283917b943f58f698e49a4d3241e,0,0,0.3879742384785677
61e9428581049a707c2755e96f1ea99e,0,0,0.3627596173412636
76d1c0284120b3d46e041a2cc71c8a6f,0,0,0.3368343428573409
4ab36b8328f562c2ec7a45d593f4106b,0,0,0.11835495886842529
97a427dde8c03fc97cf75730bed16597,0,0,0.2655790479515972
1a8f12c234e91157a8737c471888ad63,0,0,0.2748717016916559
b469435d18b71784e4ddf60c0f55cdfa,0,0,0.42218938417436214
61ef6aebb946f3ff57f79eb9aa563373,0,0,0.3051019969658077
ebc68069cb075c43a28bfb01822202bc,0,0,0.314162535948579
9f180bbc68b8ad8530e5fa5a8b5871df,0,0,0.39733497398402007
d19cf42cda4bf77e880db09b8a9a6af2,0,0,0.45506626301627273
3a7ac05c6ac4592d66b8b55014cf9434,0,0,0.1973505128337095
b6fcb21a7e725f0f89d70cb5b1c33717,0,0,0.1769712389754883
3f389ab845198d3623bc524fc62f405e,0,0,0.3360213458842963
be48c6ea42a61a038fcef40e56b22a51,0,1,0.5396427624260467
176c9b504fcce2b2f32abdf284566a8a,0,0,0.4170184238465491
9a70fc7a610f281ff61c65df78faeb68,0,0,0.48537185409027295
20a86612cb7190cfa62c56df42300a98,0,0,0.3457088385432277
8b803f450be53a7e1a9326e1dae5ead1,0,0,0.3277339056754927
64f9b55bca60cf0f64a942a0ada74f95,0,0,0.32337334140702906
957aa243b4f0cfc15c6e7e0b1dc3c69d,0,0,0.31953000779267493
366980d4fa51efc8e2e21ff9298e9d65,1,0,0.4724723354971243
752584df7018223ae1257535c058782f,0,0,0.30609362646514215
a58812ee88f4a96612a63799aa745305,0,0,0.32047003458896844
d1e39b34ba0d58c604ec6adadd79c027,0,0,0.42223888285106814
c6b8f89b4cf56dedaeccdd3ec97e9082,0,0,0.4248096952610038
c31d4f9bf51f2613bac34b6337f55e11,0,0,0.4518023935921223
52e91a9feeae745cc652249ae02bdae3,0,0,0.13286158780663468
1c65d82e5ac151a43656de3fc026fc8e,1,0,0.31132661790481025
609cd65325767e17a3b861683457f6a8,0,0,0.24414936175498103
1d5f36eca170de378f4d117a8ff88b13,0,0,0.21041101516146032
64c0083346b6cb74cd7e13804acdb0fe,1,0,0.39417738881749237
81d479410b1c472be2235cfa32b2b161,0,0,0.33766946653019064
df8d955bb2b69c1169990401e1775fe1,0,0,0.3532642109840974
d3de6ce12e3ad183a9edb826bba2878e,0,1,0.527026058319992
31f1f36ec0d0eff1d2254cc58bd8f784,0,0,0.37023767283147846
4e9dd7092a4fb6989d06e82becf2b050,0,0,0.32288854029483155
9ecb1b007e98da226c3697861d163765,0,0,0.3605449203711754
c97e0c5e7e2bde4133c932a94f0d2a3b,0,0,0.43482453373210767
09dac4dd0cc43f6b6fd432094b66e3da,0,1,0.5773290285838596
fee545ad6bb727d436a5d4048eef329a,0,0,0.41777178877473375
49c0a2f96c717adf1988c482e55fb1b4,0,0,0.26713454847912066
e827a425f51e572ceb3b364ca9e9bf99,1,1,0.5479612832155542
75a689316861b99378a0043dbbdfe18f,0,1,0.5332235113446223
c7c40f0696715b59e0317cba0a967fe6,1,1,0.6903114944919624
650a1c5d93eef8d75066c56426d3a864,0,0,0.3722349729343309
5a95d83556b5c30c842aa6595e8a7b2d,0,0,0.2326048409490818
2dbe6e9f66021d46ae0e674d19ecde64,0,0,0.3163562089827752
d4ab087a73017dc3a68b53bcad799672,0,0,0.29525478629577917
3e77aab5653d9a02000c7d6eb32c8750,0,0,0.3719938975357394
9901c0ec9b9e9e19a6f9a2ff4d7a8aeb,1,1,0.6114409609345473
c59f14ddc86ea862df2d71ca220acab5,0,0,0.3775253089099607
95cdcfa3486404d51e6f21f128105b5e,1,0,0.2915944067548917
d4c0bcf96fbd8278e102971d174aa48e,0,0,0.3424171490086667
7788e2e8704765fd9423779a7fd9c193,0,0,0.26541422180971097
2fde2339010c05917f7b810a28d36e82,0,0,0.31239805316414715
d2ac1b85c357d51c6b7a7d5b35d842cc,1,0,0.29643757639305646
f20015c3bbdd89e451393cec1b0cd8a2,1,0,0.16325961128374356
b5d93eaf860758e1d4f61cdfe406151e,0,0,0.3156967746669333
ac9268d5193ab00bd6a1fb73634a5178,0,0,0.2716378229534842
cd3b6b7d1a57118f1a227732f8bf1086,0,0,0.4071628473383687
9994bcde0ecc819d4d03893aa056cbda,0,0,0.33889410285396865
0ffb72bd4ed6bd44f3aee2905190d195,0,0,0.0661756794027482
cb4ae22152d90d37034ed43cd8a25555,0,0,0.42821452261980686
24a0d0f909812a8296dcac1abdc26877,0,0,0.20337254652103148
77260ba900bf674b5e504faad5f44117,0,0,0.18322595210648795
db4399167e18b3e8dcf45eecd2b8eee1,0,0,0.27460841590023244
6691073b0601dd0d82aa9ad40b7152cb,0,0,0.40419379447640646
0ec92087638854be8eaefbc79f4e66ba,0,0,0.2849723872636776
343a9a7484db9db29bd4f2fae44ac511,1,0,0.34891928012444867
78047249fd7f5ef68d09cc1358e1d4fe,0,0,0.3211630845307869
1cefcccf8aef6f13acde4f738406fc57,0,0,0.33580320533153285
a75d30f7eddda53b0023e48fca66a850,0,0,0.2943881349668197
9ea1367d89adfa10bef62b9c37b903bb,0,0,0.4707011443838454
7494180eaccbb15e375410e5b6f7d920,0,0,0.3459032609791239
c432028774483fd81ab8df62f2e5a161,1,1,0.5208175219063889
d9e17992e1e1cf16c6a71fe0214fd4b3,0,0,0.3397081922712423
b76626f484f603c87a5870773f804e9a,0,0,0.21629513847054802
49d76040fb9b623a51089f98f93128c8,0,0,0.28557740166903783
d27f6eb3667ff6c3fe534b15a0bbd1d8,0,0,0.2266020771546832
63ed784b7fae0e4ec64a9770075d40a2,0,0,0.35698004001593064
6c7483a775191e95782a2a8b134cf928,0,0,0.38988263066790074
59ce205e56046305f8edfacc708b5cfe,0,0,0.4178188900775004
49f67bfdd9dde9120784f27b5ed5ba5c,0,0,0.32064671099687436
e9f24b4a2a7eac29927bcffc94ce2cc0,0,0,0.19362968236456243
61200c2a7f17b2d842939106daa7f882,0,0,0.2903806783038728
ec324fe7cb3958e6f2925a5399ca0fb2,0,0,0.2830932451590619
ba482987124469bb219f55c4c6824878,0,0,0.37742647908401444
98867b6239684f82f85ddfad9eb5c4c5,0,0,0.3103277358298563
1f7599f00c009b9836da7b8d346fb6c5,0,0,0.2759320707911692
8705211162cfa2d9a5ca31fc4c30657d,0,0,0.05782462802896096
bede8b94a8f99bc9eaddcc5b2922d142,0,0,0.2962558529298375
d8e40044e24b6d901921a92063e6cc7e,0,0,0.43814104881027816
4bc077a7083ee09a942ccf1f8efd3636,0,0,0.280167931248715
b78e8660014b254ac2857012cba48c85,0,1,0.57672333075641
bb8201b3065bc1f08b881a59e2a7feca,1,1,0.6946035947664988
501c2616fb3dd3f74a7b7a5138f3fdf6,0,0,0.41257754018936443
1e969a02cbb3a057966a04ae4fc143e9,0,0,0.3714229518557334
64c45656395706bdfadd941982b0240f,0,0,0.07548091697864064
7c216e3988159b70987760db318d1087,0,0,0.37817401495726516
18aa102fc73c80c8dee8d4be62dd87b0,0,0,0.30922891915414275
373c21f3491c076fb77871b2a687b868,0,0,0.2984785638506211
a8b3cee6640e24338aa0bca405d3b19b,0,0,0.2841926870174911
1d30313c15b60846b801eb60b3f2bac2,0,0,0.2915965447056265
0c9f61305909789cdb2f414d961bb99c,0,0,0.007783026859286307
149d19d887d7b8a353bb339848306706,0,0,0.12132546933952394
c42f9305d0066881f9380d3c7a1a665c,1,0,0.44974690607575313
3a102fb8ffd95b7c6c9e3f1d36b9dae8,0,0,0.282443382624574
c03749f24a28eaac18bc0de7b61f2f18,0,0,0.4789057186254068
9b8ab0d6c03aa7c789071093d528b0f1,0,0,0.3370851282121222
bd14bbac3aca710ee5288fcd8511d4bb,0,0,0.1743277087877423
83b45a5fa21b8a0c2a16271d82e4fc48,0,0,0.25803103420202805
9571c945e908dcea88341d142f5219b7,0,0,0.4104245461960941
d625f9e90d4af9986197444361e99235,0,0,0.3835837149036995
5dcf03252a058c6a63157e4541785dd7,0,0,0.12900461890513149
f147ff26e575dd5344e3e7a702d7bd58,0,0,0.27465301399711445
f57ca8a4c893c29f1b2f64f01611f7b5,0,0,0.31209425606234753
2465b048bb7ea1c47eec8a78739961dd,0,0,0.2710511410172488
57538a199d4eed3f089e009a33c4c8b2,0,0,0.2426101024606292
a65e65e10faff822b3c346a2d919b95f,0,0,0.3223224776357487
604d3be151ce8dd0ad7e5270f43a97f6,0,0,0.35820971614639857
eac72dfe780c54e17d93d9d3034fd7db,0,0,0.23535303336931515
83bc18133f78064e260ae35db2f6ac8b,0,0,0.2943432343010474
0fff142f13fcbe30bd7d013bbe4908dc,0,0,0.24954638468388204
25d79bbd1f0a4a31b8df302a85629152,0,0,0.3233750296169296
c0a8d1b6804b73d805b3e7f3a29252da,0,0,0.48084905194846866
f451b7678fe549050ed1df7e41a57f1d,0,0,0.319008413624736
e576e1299491b46aacb7095bbc8467d3,0,0,0.4497901794329844
a30caac548ad508f7ecba4979be50c9c,0,0,0.38953840291536573
f611946b4d7e6b96da6707941743e932,0,0,0.28179800496243695
3b1de99b281d241241670f08509207ad,0,1,0.5551705209367669
3b1762ce129b49b684f9726bd57019da,0,0,0.308227644943111
37b08d4bfc144c1a2455ba52ca5b517c,0,0,0.26775844019966155
5f3319186b0b10777a29b2e910f34291,0,0,0.2715187713205185
c37099056085e95293f8aec6336264d2,0,0,0.3704728164396453
f7f75591820824fab1bf2345c417f305,0,0,0.28967103752425327
d3cf6e432229bbe15d38a6b8e5afd86d,0,0,0.4457514436527555
314d8b6ff062c5262ca50d50c3141ff0,0,0,0.4623832645848737
c9ec520c31061b3610772b181bf7dc6e,0,0,0.2759432160240481
b8f42fa936529e847db335d5e2cc7021,0,0,0.392208894497873
e45dae2e529d63d3763f09a08d3b9f9d,0,0,0.14012223754506345
01f9f90e71b962e072addcd3d68b324c,0,0,0.228297588931887
728f7e69d24d3fb7c8465fa64424d254,0,0,0.27499226621470213
3e69bc7b71d2c4dc90512263e8c0c51d,0,0,0.303887203854478
a60f9abdeaa263256f62b723c1b45c9b,0,0,0.4846036218282266
54cbaeba356c1cc60b7f184d0ca0d252,0,0,0.3549104994040802
8ffb5a10560c2eb3db7dbf1fec8ab094,0,0,0.3268891745117616
f61eebae59543174295d9b522beff462,0,0,0.2621114293955456
3fbab5262fc2a28bfa258bccf2ef473a,1,0,0.4962901489568468
f04c2398572142ca12085898b6ec2b5e,0,0,0.17391124750352024
3d965bf36bf574cd521b4da9e4ed3260,0,0,0.36987497566603855
bd660886d8849f8173ab041033984b37,0,0,0.048865934091343904
c6a91fd581598a20039a226a90fc9256,0,0,0.23182181051753797
087c73afb8495b030f8d8db599ca83ac,0,0,0.2634591716064692
422a31ebe09407800ea70861cf3cf5f9,1,0,0.3975764920174876
938f6b715b5aca8aa0b6a75e521f0ef6,0,0,0.30708635152453234
2a69461c374ab0d2dfdd97951db04293,0,0,0.28702923842657496
e867d90e525a86722da7e30c11d1c1f6,1,1,0.5486603949091917
f397eb118192a606ebafc5efc9c94168,0,0,0.37240473488975623
e03602192def5c36ed66ca9f5e4b4585,0,0,0.3275683277208444
a63f63c34e5ab41758d3980decf64da9,0,0,0.31970655939864473
4d624d8b4aa1fd395bc9ddb17d03865f,0,0,0.318499202045023
efc71719fa218e2a9f463d593cba7e04,0,0,0.3034846382240099
6984c11bdd87d3b5764685326df72ddb,0,0,0.3595717294985309
3f5b564c4420a5157f5a385c0112dc14,1,0,0.3897045060493413
4562df89d5444bc12635e77a7e630c02,0,0,0.3566285811344197
31219beb1fcb29321dfd3450ee45016f,0,0,0.4321004760124626
88983a8f3ae263a485601c5d2d004da9,0,0,0.4598457545436115
2564670f4b31b0de152cad156ebdf6df,0,0,0.4007011964465104
01fb90c92cc2ab60e81ffcec3a13ad10,0,0,0.2637117542714835
bc570ab02bd0d2198d1eacd3773331b0,0,0,0.25521545763409875
d476df103a55ac71c31873ed0b25b4c4,0,0,0.30809486307760553
fb47b32884cef49719202cbdf0cc5e40,0,0,0.33355693372180084
30feddb7b960c4dd53e79f08db1852a2,1,1,0.6203054878482931
e39bb733b9e1a926442a9b79726523d6,0,0,0.37385169568290716
c3a6c365411e839b4e318b94aff55d5d,0,0,0.28084258020863073
84f8c6508c989b3dadd7ea65b08c7e17,0,0,0.30691400458414864
9a75429fb946a72032a9010246aed4cb,0,0,0.41280914183305145
92c25bb621905cef4b75556a8b517ddb,0,0,0.3492089421309847
76a345838a565ace4b950156232c1d5f,0,0,0.282217075375629
d0ebc3d898d4f7ba8c26a8a7c722e18d,0,0,0.4685713300729917
a56951de4db8d7445f3c7d2ef928bcaf,0,1,0.6080792361054085
09b9bc66162870b5e40d168990de04e5,0,0,0.4123149347240368
f798c0de22b160e618fda6464e9ca4b6,0,0,0.26784880790581306
1ae3a29bab05d97c4ac107eb80f74183,0,0,0.21163446638621358
70a5b41d6ce125833142bfe3f15f66ce,0,1,0.5662254431721567
050d24f00ecabc2ecbefabded8c38881,0,0,0.4406252058850441
6a3e441221d771f54c8f26018ae4b103,0,0,0.43467954348872306
c4d7ddfd2d5a5fdf86b62824be49317e,0,0,0.28821143008195055
80c06d842f931db264dd45a8cb1f474f,0,1,0.500389623465842
0096906bea10664463b8c147a5f3bf58,0,1,0.5930422481156206
a2a942827aa15106aa8e84eff1571788,0,0,0.4129496808273994
e57978eba75a81d4f8fad02431c7c33c,1,0,0.3232364722385256
3d4410f26dc37731ce9b795e442fee42,0,0,0.45508823403529935
82f9ed621c3fc8a77dac00418ce678b3,0,0,0.46143540414896256
4639970957c0235294da5131cbcefb39,0,0,0.2169295100997435
d62d7966180874096035aa99759be0f7,0,0,0.29101195513307104
92fa209f53eade279a2f07dc2385ab4a,0,0,0.4236248601288738
1f409cea1f2adb25cdc8a014e7c8a995,0,0,0.4685834690352626
9c36ebbcde4ce2667e707099426ccf82,0,0,0.4560042611758384
32cc5cb58ce46ce224ce3e138487f697,0,0,0.33386785193053575
325c5bbb21788d9a40428aeae26b820b,0,0,0.3926415033188863
3133a89333b09b9eaf541818eabf5c93,0,0,0.3360596066651491
f1733bc35b14ac8106d00a8e1f016e05,0,0,0.28036417879723585
4935166194da492c5f4be3dd897c52bb,0,0,0.3728690718426902
997ef918ef6a417b750017af24b14050,0,0,0.37461898810973976
d96dc8c33332e0defcf11a6c29a702fb,0,0,0.2870637916344309
7cd3564b90b7f3def0a318d3e8303166,0,0,0.40587605125772486
7d5b9f77e6d75936d048cb7e3163a798,0,0,0.3954720950328356
dca7761fcb369f5f5b5e2e6ec0c9b4b9,0,0,0.36322305738003796
8b92a4263b82938dbd8ae03fbd33753a,0,0,0.4270494691372164
6d07c96761151a079c603dd767c398c2,0,0,0.3007542976639235
7de6f4ad91b03a376460ff9f3e6500ec,0,0,0.35055248278744366
e22270c4e174aa2aecdda0d0a3b3faed,0,0,0.3214058558410165
62443028c1a1b0d6e1d8fac58a3d6cae,0,0,0.3894947665565497
11af5b1af2c46f03be961314df3c88d1,0,0,0.36642241749501214
a96c9dc88b0b87309aa26a9798a87e8a,0,0,0.39796117093246797
cf80046c44d470e3493b65296ae084d5,0,0,0.2876327785942966
3a62570c5b3e611b1505eb935b7314fc,0,0,0.4629351044901625
80ebcbb83f5df4dbab5943722ded6270,0,1,0.5245087176459736
97f1a0a2e7d0ba2ad1e3d1f2b1a13b86,0,0,0.46439174907092307
097cc024d49084f8357bf616c9f08dd3,0,0,0.2864393641182891
b99ccd18dde1b6ecdf1561b552fc8e45,0,0,0.20508714066966793
fec9fdb6995a411aa9d38755c036c12d,0,0,0.45729692792531074
ee4e32a1f469a54ada777bf5baf640ed,0,0,0.23360415375283458
eec167ca4f92c46d6fcaede8edeaf684,0,0,0.2871203477456126
6e7843ab69299ac7e7285156fa5f9db7,0,0,0.354595269911541
6b9aab83e063aebcb9ce6ebb05feed7f,1,0,0.2503001849086204
c927ba1f67056ccf1b5b5db146ac68fc,0,0,0.32364232322328346
b1c05d16df29189798b2001a99b14074,0,0,0.3328430697460252
21abd95619244a64bc61194d970286bd,0,1,0.5272971622299572
9078a0d19c6c91bfa95f8ebaacfcc11c,0,0,0.29870934556350615
3d25c0c8b3dc1c7be6512d3a4b5c7b67,0,1,0.5618032200646873
2f1dd0953cc2337d19d1b6eb5ecb9067,0,0,0.3440990735108812
a900bba2597e0c34c63b777dbf9e9772,0,0,0.4270506220254202
77ebcb9d33152ed6f28e5b54c5057b23,1,0,0.45887197266004387
c9f518a33d6735fa8f400815c69e192c,0,0,0.3155445360749836
008639281430debb1b4faceeb0c4c3f4,0,0,0.39434181833953796
7f3444e4831c5da5d2fefc2fc4dd90ec,0,0,0.3342974330282656
688159ed3a290db2497d06f6266adb67,0,0,0.32513413312634826
2970821c6139f3d4469aee8b8d451cb6,0,0,0.25373619247326784
5d3c88d9b2e4d21b95c1c3e7860fcd07,0,0,0.3188768509107708
2210d8be8417668afb9ddab002e031f4,0,0,0.234471866881355
eb08c7a6913b7fa09e2e0c625e67b134,0,0,0.4693917579804443
be51f6a35bec75f12c41f4063881e529,0,0,0.43325288904462417
c3bfa3b4c5c8cf79e424249ec39873a4,0,0,0.2873509400919559
8ee282e6f8ba4f6e22edc13966fe00fa,0,0,0.38181411639242
df7e1e5c6803ac5ab5610f72fa52cf3b,1,0,0.17908639585450467
22dbc530854af1cf46eac2c6d8c95062,0,0,0.2897830016886383
861a1991085e6a615cc481c3afa3e315,0,1,0.5076311041732704
e57790d468b55a9ee37aaf0a8ccf1046,0,0,0.3022958043793885
7727d4236fb3f60382c79b4ab6ab381b,0,0,0.32063646699169496
8d4532ffb9a4eb3d96585751ac7004ed,0,0,0.47898466030786985
b69b53415da75bcc5ce2061724a057c6,0,1,0.5284886502338938
bbc674d234c58f10fcf4832d062de9d2,0,0,0.2557173454016418
b500913001722ac6dd9b31ff61c655f9,0,0,0.454858518095345
fae6d4ba313ba12c18c887e4229b866a,0,0,0.24066135384753642
f51176dae29e95b51dcfc03052e7d543,0,0,0.34025077848102264
9fcd9034c132332d5bf47849f98c187d,0,0,0.2649319087169696
212a6f10f2796f82b998a9f138abea98,0,0,0.3766373375919669
dcf393834cee5e41b7c8fbf6f9383e1b,0,0,0.07446428031214926
c70b905883d2edfc6c91e386db4b63f6,0,0,0.28257538622481254
22bb2513094fea1702fa0f7c7f164fa0,0,0,0.38124320149389357
36cd6a492fe75f5a2c92e7e8bd086959,0,0,0.39800363018629886
6758e936ce2d7dcf0910b663712a575a,0,0,0.2920064791892179
8651e283c72137e448104383aaa8d881,0,0,0.32520750925938585
5bb824c5a7f73cb6382ccfd922f0caf1,0,0,0.3829714791662222
5bb85ca31f4b812699f84b4990afc7a1,0,0,0.20964594878845305
6225b3981fceebc56da7d364e16a049b,0,0,0.35967288146022497
fccdcb767463181d75ad5fee52b6bc19,0,0,0.44912294570871775
1a90ea0577a94f6971c4fd415ebfef46,0,0,0.28714808754124965
9fda4ec2ad23373cd8623f7aa693231c,0,0,0.19116539898043203
3080eddee3638de88dd6d0501805a407,0,0,0.21593730300505995
a0a851de5c3f71e4e85e2021ab6d7252,0,0,0.33370006211783104
3b30324034864e48257cacdb1dc1358e,0,0,0.14115628310670908
007126a976062d074f0bc063dcc40772,0,0,0.3143263888255405
3df38ca129278939ccc52948aab07ae7,0,0,0.41779795146863913
e94fbe82db7dcb2b711c58c37f2e13a8,0,0,0.3013864467362263
72bec7dc858058363d6829d54c2746d7,0,0,0.2968453925197582
1dea0597e525e6e0c565ef22c43ece2e,0,0,0.25572900088974565
d9d2ea509c9c0ece1188051b18242847,0,0,0.4229047697289355
dc542f5e8ba7bfac555ef5d5a4eae92f,0,0,0.3322890823114306
bec6faba591d165f93157b36dd4c3f03,0,0,0.2515702516586731
d40a0ba46f237cfe30fdc586dba80818,0,0,0.3552571542989179
30edf367b8156a2cf9074012487083a5,0,0,0.37687940238734013
55f7e523cf5d07365428e917ce4f79a7,0,0,0.4382950125573475
92c836ef1b6a9d59d505f320346c94de,0,0,0.38326488386758945
ff9f30b945d9934958bef592d590c012,0,1,0.627380665288976
f2b3c2735a682ef94a1c424bcf2cd46e,0,0,0.2641654140721093
573d3ca199b74ce2682adbd21b8bc31e,0,1,0.5702330054559958
4848d0ebd925a04065a1cc4c62728553,0,0,0.2502060312095202
5193c73af916f131e07b11ae73fb42b0,0,0,0.4214575957314961
efc47040e018c5bc5de3ac1125a8994c,0,0,0.4538159340143394
e916e1e28e4a3ac64fe92b1991e40b60,0,0,0.24472493278524002
bbe168382da658a8f5c40424680b7cf1,0,1,0.5449462359436494
1e2783756ca47715cecfb200961914a2,0,0,0.02405087382049506
92e7dcb6abf7608021955e332fc9b9ed,0,0,0.12827041384842888
abe2a2f9cbc15caaebc51b9037c7cf6d,1,1,0.6253908650277654
c6f7a4f2d658609007d3fa19b51f86e4,0,0,0.3308288683444958
c5909a7cd19db3b667dd243e6cd2bb85,0,0,0.08993397229129924
88cdc42d13fdfddcfd73e2808497ff1c,0,0,0.457241766385662
5e93577cb80c85af16f82ed0080956e7,0,0,0.38071859146860654
df75f6b08ccf7e6e07568c5274416641,0,0,0.3398684821213633
dfd872ef3b8afc6092e592cb206025da,0,0,0.2719351816331916
3c6b4a6bcd82110d109828a4f111bb21,0,0,0.2218731502267295
470db85da390d7185c4e209da94e4f9a,1,1,0.5096067026382441
fbb65e476a38c37f887ecb021654a41c,0,0,0.43096126093045717
1a87fa3d949744d1cf7a45a47a39f1fb,0,0,0.33047638096906984
fdebf90d9ad0e90cdc34d198c3fbbe0f,0,1,0.5336051992057065
db66f6af8b6699c16df0158814e16e35,0,0,0.4582552371085897
1cfc5b323b987f56dd266fd00a9575cb,0,0,0.33310463515084104
ed7b89881fff77d62b923514dcdab3a2,0,0,0.21391001937172763
0412ebd7f2a76f0304f871f96bd7f65e,1,0,0.16516885902698278
4971a58ef9ce84db28f6e283f8a5cbb1,0,1,0.5575341919075997
8d0034748d64d88064b9543fabaed7d8,1,0,0.2301134889049729
afec127f41c336babffc5a53c4894158,0,0,0.48702758389711326
c24c321f61e884994396d7d4aa910f92,0,0,0.262108728842521
8b7a2dd5f39bc13d48ac2da60dc5afd2,0,1,0.5297864314967253
b607ce2b4e83d7e599f4968f8ccaa5aa,0,0,0.30696847197853955
c711942df774bafbcd6c78b12be72f30,0,0,0.32988757150779024
41e5479ecdfccd69f0291adee8f169ed,0,0,0.2947949689328678
b02956492f663b315a6a715342cf6bf9,0,0,0.3151256473600833
e2d1bb9abe72d861b72bb4531e2355ef,1,0,0.3494591937136286
1bd3c54c66275be130198de8eea888ec,0,0,0.4083850614939271
c53f91d8eb99e73c3ee0250afb303a3f,0,0,0.34585947131104794
ddc73cfb59bd90ab7524f3cd6df20dd6,0,0,0.3566620272031067
6b985a019ecb5539a7942b0ec1f00925,1,0,0.32633448433755285
882b924b96a0a422a5930cc87673051e,0,0,0.35802133137348013
2a8db199277bf20d811bab495fa5b6d0,0,0,0.39200031880281677
19cda37b7e19a87e474ff3812fbccb75,0,0,0.26758101195024986
eac034c4e2bf3e87aae7212a6b218234,0,0,0.3198599133431947
de767da60cdc05466d29f71c673c9cbd,0,0,0.2862616343815547
773635ba3608c803d3b842bb6c0f6a05,0,1,0.5320300436956718
0bdb4d2db9096ed91fea68a8b1dcf10a,0,0,0.293891919410331
1019a024a56abaa2249e1b73e968f7f8,0,0,0.3084487439680337
3d05047c5af03c61a896781e1616414b,0,0,0.3312150417575968
f05643fbea37ba61dffa3fc487d65522,0,0,0.25690986775108454
8e5d16b9863ad240b527a30479ee3588,0,0,0.43912571051788285
acac0521be9eca6540b585f5b5e22a11,0,0,0.4149299698712299
b61c153d18317e57ccdafaf4e6d8adc8,0,0,0.3204857282880374
3061346a4afb0eb484438220b156ddb3,0,0,0.2749929425703157
2d4f6ce2e0ceb7544a337a4d199fc181,0,0,0.49282191691196026
2f2997ee4ece2701d7811e9d0e089e6b,0,1,0.5420345091211802
0add6e6676f50f0e87162a92d359d3f4,0,0,0.4015997197476057
81a9bf15e42fe68b66a924f921d36eb2,1,0,0.46943445039560794
ea6adfd1b869ce8a802fb651843a8fa8,0,0,0.4034151855068035
ec15724a3852a4b47e5c49a45cbd5b8b,0,0,0.30546510347082867
597703aa7e3520c7675f68271918dc51,0,0,0.3707868028460218
c781055508feb0728c63f20eedd2d352,0,1,0.715787857281294
a9ed06b84a89c30cfc539a2ff25eae5f,0,0,0.3548537355521764
b094257c28e41a1adeef7dd8b58d5287,0,0,0.22151448568469093
37149c315c07017a05a0249ee555c854,0,0,0.40800046426044984
66a5b500b042b0d742e0fd351f8d905c,1,0,0.39128165700970674
ddf75ce9fd2a151832e8b452ee5d3b8a,0,1,0.5874951171538442
940d19452973bb150a8c346ff745bb72,0,0,0.4054752086740255
d7f10971f948c224383ccc712e040c83,0,0,0.41597333358235594
f458698d193151b6d7aa18f5252bec5e,0,0,0.25501641569005584
df886b4a3b3c940877f0b84a30fabb7d,0,0,0.3663826737963196
9beec96fe67643a834c950eef22ce722,0,0,0.3046993408321281
603d42a50f4133c2fdf861954909f7e0,0,1,0.572683482525738
ee32a1d9a7701ad51208507c3c3c1674,0,0,0.3799637388316408
2883477a80a58a67851b8f7f4ad38995,0,0,0.30045590220524376
bfb0052a0247b0ce136c8c530f5eb012,0,0,0.2820120949696428
c83cd80cd055c00b4a153bef981b2b03,0,0,0.2551534175025427
286234cad3d6506e3020da6b2638337f,1,1,0.7264212022315969
0c8e7a283345882ed0b642aff8e0aa87,0,0,0.4808994303357638
a70645d5eff384e2058449385d4168f1,0,0,0.3769170036178402
b0532d209820cddaabce038aefceb17e,0,0,0.4433764494589845
25b8d915b83decf9442cf88e9f945792,0,0,0.28556344055569105
07090f5290d07ca4c5fe8529214bfe00,0,0,0.36953215383426646
70661404d14976b82db945b2aef439e2,0,0,0.47063619051421307
9d333d74a38b14d38968162ba77e7f92,0,0,0.06461647720340179
033016b77cf7974a8dc2d091aaf307d3,0,0,0.24941243877752836
4679a2b636cdb4e69e885a665592f468,0,1,0.5820383184847767
c4c4e91ba523a2d0b60192f447bee748,0,0,0.10895478445354051
a626a551382b68abed9b3bc9cf65c81f,0,0,0.23655159237835058
ff9f75aec6ded90c3ca705ee4596c271,0,0,0.35422161823585563
377c0b44370165e36eceff4db57eeb31,0,1,0.5089980952800957
48670857240bc73cc5fd8151f2bf4118,0,0,0.40890450257076766
0a65b5946ae72af42904be0089688b5a,0,0,0.3259829680879585
6e4cfdef957c45c982e17b21a12a58cf,0,0,0.32863716468046145
ed050009229e0ae62d319ea54c31251d,1,1,0.6862822497978566
b2d8bf9dbe0bffcc8584949b5cbdd75f,0,0,0.2924152132301516
6deeaf31d7eaa7f0fe189ef0896e2ad7,0,0,0.39720385833608035
442f41736a44a6cda96be22cee147f75,0,1,0.5292037392424619
ee6ca759870c5c9c0d4ad741c706618d,0,0,0.3817938049925218
9bb7fb2a1bcc45665c7a8ea24531e514,0,0,0.3272945984980227
07b1b1004abb73b458f36db91708aa4d,0,0,0.3185205852109243
1df38780728ae3f2b2e045f1bf2bf352,0,0,0.16189016729080496
aaac6ac6adf2c8a579f3e2f751d0ddab,0,0,0.3076113620597068
635d986c0321ec3a13d1096b395ed22f,0,1,0.5465123852451397
17169244fe7c6d7f8db67aded357472b,0,0,0.1955393415637898
71baed2fcd7c603735a86c22bc71fb8a,1,1,0.5781836246806101
63abf87439c71fd9e16ea477c42669ba,0,0,0.24426603408262448
5844cbd329236f04d75b25d68a7ab279,1,0,0.3491155308705626
79f95d06e87cf818498de113777f6029,0,0,0.33729396010329665
d1d1a765877fb642d594d8a579e6c8fb,0,0,0.1482726467771003
72161ac0b2c0259cb04d29b29285eda1,0,0,0.3017930738497754
e3d197cb003819438a1fd6b0f36d8df4,0,0,0.46389490658073984
8ef426a8b8ef5475f967ead2eaf8c272,0,0,0.33294650591805136
b5419acbee1336d0fdc1a89d3f4f506a,0,1,0.589057126133887
72ae69a9095eca3cf3334041f22c4279,0,0,0.4389859481920433
1252210fdcc5681b050c704f1a6b8df8,1,0,0.36271745303479414
c574f206fb60445d1f23f65f20796749,0,0,0.46180708708464463
26130b28d4567a025e7427ec062efc0d,0,0,0.36443631561016615
43033233f8fbfea7c864680e47f39af5,0,0,0.4653151910228447
5df6192ad27f7b4071292cb646915e64,0,0,0.3948595825268216
82f3689f9141235c4888dd8a552038c4,0,0,0.3965019043301396
5e78554fe6af7328997b7eef1e5751f1,0,0,0.4256973438655565
373f8081cf2fe6ab566660b91a8d3de4,0,0,0.4136949557415469
1c2e4d95f75224b52db1526dfb7e3de8,0,0,0.3708750635841857
7d72355ba1330c30e9f2e6862a5f51e0,0,0,0.31908190140258774
5b73e80294696c19998800dd2072525c,0,0,0.2566092584150001
9087e849d94f7baec57291470d0822a3,1,0,0.30392574843606346
ea0edff86f182de2d5fe7ae4932a385a,0,0,0.4165265713836434
a46eda7049b5483d6a82c2b469d84888,0,0,0.34287095643362336
1290e991f2b97df11a4dd7801f2ebff5,0,0,0.3188214454715076
928486714461feb276ddcc1f27d60a8d,0,0,0.25950688722519255
43c3b7b247a98b7d9513ba5a1c0e9f9f,0,0,0.35525279257289605
a1fa515e8054100cf1076383a686875e,0,0,0.453019206189156
746bd9208d8b0aab36dfd579f537ec2e,0,1,0.5652064255733478
7525163cb1fd9c1482eeee73cf27cffb,0,0,0.4283075713419134
750f2b4872b8659008ffb1f5bc059c9f,0,0,0.4297453554775403
af3787bc69cf7366692ebba17565954c,0,0,0.25133414547979016
f2bcfac843551320a5b9f20a1658a318,0,0,0.4822271332594712
1077c43758a4182555b7926c0747a289,0,0,0.29097948037466664
beea46c3f9fac73876fe87254be89a18,0,0,0.29568873060236867
f1c43ce4e5b01b5c2213d5a60a142725,0,0,0.2831197990802537
87c262697cdf4db281e424e5c6d0f530,0,0,0.43414754404845096
705941451335841711a710271725f8e8,0,0,0.3454372753718339
ddbb2f328986b40156aa6f1605d3d699,0,0,0.3031595031521787
b30f0fbc9aa1914b2ddc15ba17e10133,0,0,0.3883414625228002
44bb1a873cb6f4d3f3ded47c28913ae9,0,0,0.37342717069435294
acfb0c97e40a86087f185d4846217966,0,0,0.4400549896523513
8434eeeb258c991fa1b10a8d2be68b1d,0,0,0.295398718191612
12c5f78662447f1773a2074227f930e7,0,0,0.1965695368731866
ee6c1cf8a890651464453bced7e78bbc,0,0,0.1988019759413976
b16cf2f738084e734d9206730772a89b,0,0,0.3775276041758241
c2355ee0e629e1b69eccb27b29b0a338,0,0,0.3224681800027069
7b26d989d54c52dc16561e637f71edbd,0,0,0.08143191281302328
53b31250cff60ba73300c4fccd24963e,0,0,0.28332878315945037
400a7e84b112d64622f7b26003227e84,0,0,0.2520325871010141
a2a906f1cf12268abe6835534fff17fd,0,0,0.29442849864482296
9c17c41a36b745e3263c861b26dccff0,0,0,0.25722935658695456
94ef58f779ecfb27935c5c6004f6d41d,0,0,0.2371311029146554
048815470756820fb677078df26afdd9,0,0,0.13749700871532572
9dae1440690c96b6cdacb4b860071e54,0,0,0.3625447037073458
d9d19b1de4d61003e95a370f4256d5e6,0,0,0.3403168519070468
555351fdba5ee42f01c717cf908614c6,0,0,0.4574372235996483
56252e8d024dabfc5acb066bf5ee5016,0,0,0.40725927549251834
2234d9db41c81e4b7a9aa18b001268d9,0,0,0.23399458837548334
23d897c5633074380c1d049e0b95a757,0,0,0.3110276914501991
7b1aa5c2c5a7f18184df4e044a6fc86d,0,0,0.34745523378230253
fb8f040037c60a502dfeaa87be7101fa,0,0,0.491663459958176
87305a85b7822970cbe3ce531ddd9b9a,0,0,0.44759190941641225
4a1673610a8325ef50244001b6414299,0,0,0.24058220011542325
3702b35f587776f816e39fc8d5959a17,0,0,0.4938506856625815
8363c232e573649dac1c63cf49c5f799,1,0,0.2485680226030911
0a2bc997efe285c53053d516bbdd90be,0,0,0.19849978399167753
223e1cec6be663dffbcb554e8fa5de2e,0,0,0.29779027976041444
71dd32d677fdbd64e5faa6b4f03611e6,0,0,0.2860491738201752
dcdb95e47ad9bd21a75de901aaefe97b,0,1,0.5938330418556373
69bde33ecd1f99e11093d2e95c2b7370,0,0,0.18247543216263296
29d1399dce81cc9a204a2091178f36cf,0,0,0.27302059676699886
356d4a9816b2d29856165f98c32c7950,0,0,0.39533160028915953
310b554f3d82de0a096dcb0c66d3472f,0,0,0.33522763685191215
b28c485342b341d976c25250a8431546,0,0,0.3002166979567748
23d6295a664b75758135562b03e6a583,1,0,0.2785026488384454
b1f47b10202f878840045a68d9ece82e,0,0,0.3061770088770292
8335475253028329e3dad120061dcc96,0,1,0.5514221127152084
e9bba3fe005da33dabf5579f6d7e6e41,0,0,0.4547753448092768
52ff75d469b2e74268aefec1c74dc66b,0,0,0.3299567222877886
628e0960516c0dbdae10ef66596a79c9,0,0,0.3468884353230557
02eb699081385bc1553d11d93450a0ae,1,0,0.33182710882197514
168d7d396a88e3777b25e7144fd8a1ab,0,0,0.40036737572204123
94e879fc8105350a7f40068b88b738d9,1,1,0.6834393828583954
829076714717ba944ae929a846259c0a,0,0,0.287253951447577
f13bf0c5d141840e9ff07450ddda7108,0,0,0.23488521568460763
7689fd83ee4ae2a9195f7533f646b93e,0,0,0.2355525542636929
76a38e163966e76359476f95053cc9d9,0,0,0.28966697457212354
2299efe7c042e900e11ef8436a65f4fe,0,0,0.2697771424788355
35b1b2c940f04a623a0d350551583e67,0,0,0.28771844666529406
4c44416658a8c57c79e799a1db30fb59,0,0,0.30404014389245415
60e7f0506d2b639bcf9720c7a2993651,1,1,0.6579294194607018
1357519ac2f364fb08239ce0fd13662e,0,1,0.5420229492076964
f579576177e8903a0f21a7c748f31bed,0,0,0.29132928176694933
360b1b6031c9aacb50fc702a8aac871a,0,0,0.17754386273411224
1798efe5bfeabee40f9ee66f234a3ec7,0,0,0.20954528301371184
05835bbd3437ed7af718a5f8182ddae8,0,0,0.2720723887383985
fb4a4564191039604ac0c503d5f794a0,0,0,0.39123236198193845
89384c4395fbf4347de69dd26d0ffd44,0,0,0.38028366400661184
d4dd5223ec207f041196a6e678faa8a1,0,0,0.323878571593699
bd025f3b001c51f69d20102633482dae,0,0,0.40050799131963627
875eb9728b1bf515d78825d1768fc83a,0,0,0.27976622664016326
ab2edaa5dd8eb20a005104c98670a881,0,1,0.5237729406490425
6930f7b6ddddaf7a68fd245905ce1ab1,0,1,0.5046138408495888
6983873b6613af25e567fdd2177ad07e,0,0,0.04559105072294666
152cab0f9a9e40eb968f28c604bfc464,0,0,0.011924846346892639
7b2d6a1ca66f1b31dd749567fbe57000,0,0,0.4564342655536748
b3cb102ec1168f0ce34e6deccc085b71,0,0,0.3371304374011128
bdc2b2dd6e1a933ccd4429767cfb27ce,0,0,0.44661631439863697
d51c5d28a8bc5c9b9926dc215f6e9226,0,0,0.2633135517065423
96e200c1182c98c924a84add86f5db63,0,0,0.21893949765466592
6daf9b5c276b052c17cdb52176b85d02,0,0,0.15979708816279184
d52e34884d5efbc6123d1a31ebf9e8d4,0,0,0.31700101372720824
ab250252dfaded1c9a54834f9c829b43,0,0,0.0405419697885926
b3916b398e23aa54255564b7676865bc,0,0,0.2633763787833892
d694c924e03276498cab2d4ef0e4ede4,0,0,0.31518369061506596
e8f704429c7bc4f438e946b2bcf9413d,0,0,0.3483972434923579
a28559fba01b14d65edab4dfd0be0a9c,0,0,0.22125021095594594
a31263652247540ffb9ed4a92c1a390e,0,0,0.34934016061465584
788ae1f0b01d9e2fcc7c14dc3aed2d2a,0,0,0.15241959952645978
464ab6f9729ca2c89e5e4b3c75567dc5,0,1,0.545962353781826
4526e5631088c334974ac5e2bbb62e76,1,0,0.3212819752668032
bae1c023a460c5008f66705c4f0b02cf,0,0,0.24202306019145528
3cd93b85d27e91a38e28fa0389dbd148,0,0,0.2972911736580974
deaf8445a0a58dce0bc0a4a4957393e4,0,0,0.27820870859695107
3b17e321b14f3b9a1e548e17d2bd868e,0,0,0.2920337247484893
100f634233404e518820f8ff2c351896,0,0,0.11474837913769856
ced50e4a290752fd9f0fda9dfc5de968,0,0,0.27467375221555307
71437410625520c4e4cc494f113275ee,0,0,0.28572749764781463
fae2b5e451087ab22ea60e824942cc9f,0,0,0.33707426637989646
e082032a27a5d226f6edade419c5a79a,0,0,0.23545847934436193
2c757eadda13b12e0e46877025834519,0,0,0.2858712434634863
81cfd4c2d355808c953fd35d013773e7,0,0,0.25199613345947186
99abd36650309d6cf3bfb41bacf7cc17,0,0,0.29247748118224864
bf97a12bd4829e18a8aff3472fba807c,0,0,0.08355393029412424
d9b235b3e94201a45faceacadebd05b2,0,0,0.29036801175977245
cebdee1107075c5d977d0f53dbd7a9bf,0,0,0.27471859580238595
28e32a6e5080d93d51f73e39b1b8697d,0,0,0.21832285994917225
aa58fe86c391676bd7b78c279be252a9,0,0,0.3654870411687915
3e89101fe4269219603d11cf17bf42ce,0,0,0.2180761984201237
3c0c88b23a10b7364b9f80c07805bb5b,0,0,0.2678202910056556
8534f47d6deef530f2ec5eae9e983dd8,0,0,0.4152504948963676
3e716be6b317c4deff3bb182c9c81318,0,0,0.2714589658241388
11ca70fa8922238f59ccfc2c0496e9e3,0,0,0.40452382458557445
b7c31d7643ce0371b419876463b89d9a,0,0,0.2821928975520979
e2229778b30e207c37723155aad3c79f,0,0,0.3363621620098369
8b93c7b56272f3a2dfd5faf6b0154b77,0,0,0.4893103178030544
22e63c869a36207d5df7b2985c2a2166,0,0,0.43304835495257143
d61479197043753c842828ec7960e12c,0,0,0.24865105650532932
0b1efb25ecce4219069cb3d372478b1d,0,0,0.33752600991642917
579aef68b32e4da558fe1b3d9680d5dd,0,0,0.28208345304900867
a9c046edcd3df5a4d577f4d1e17aa2ee,1,0,0.41088114692452365
22b8e4fe327c54820da5b91e2a5f5a10,0,0,0.31598649968784115
1f37f3cf3c7b18a309067d904ae0e776,0,0,0.27012184456576016
48326f9959cfd3e53f3059e530848de7,0,1,0.5114738493974975
d17ae9f276e39f1c7060bb5f82d59085,0,0,0.33262572166026594
d93436d8affbb6406c41f4ef72493ef6,0,0,0.3883807761030299
76b774ebff81a595e0293b59efe0fbfb,1,0,0.3866164787494292
df2e0117c7e2aff767b4defefbc452fb,0,0,0.29420550065221834
8efdac2756b265158dd9741da24d8d4b,0,0,0.22707806926418883
b7645086f45fe864a10e781dba93c366,0,0,0.14816208013701992
a2076aa294dc6f4f746b3306167369fc,0,0,0.27611005332560823
17f6af71d683bcfca18d5ac08bf1f2b9,0,0,0.2850454006426691
b3603bcb7f55dbde7c4563c5ca18b4c9,0,0,0.12481293166100105
5e60d01aa3610565535d2734cf5c4e03,0,0,0.46823039856157933
cfaa607f54975b41fc2012dec0491581,0,0,0.4737228161742879
d7fe850b8a1ce1755a3c535d80c38ea0,0,0,0.32541982986194623
4022c7746fd4e2c8af7286813bafce6a,1,0,0.44911673617039727
544be3dbb52d5610e2227c313657de54,0,0,0.24486937252288363
428edba001d29feb53b369eb7bbb4893,0,1,0.7160667146139946
357d841b18ea0e05600663a2f1b37822,0,0,0.37464119338195145
c82f10e5a68dcb2010603a454f8820f7,0,0,0.43559605827136694
443c68042cec554986de3285c40b980d,0,0,0.44265725867640404
81f08c82ebcfe84290af87cc17a9a18d,0,0,0.3651014558208754
43ed7bbc78b5c07fe823e013c72d2fd7,0,0,0.2751950307773923
3730122b9b4cf6dc27a5e6aa1d710a6a,1,0,0.483042556675207
709ce1f8373c6496a1545d323e39152e,0,0,0.34461574756869945
b0bd55a5faa32dd20b9547fd97af8acd,0,0,0.14496960499235612
085ec8ad2f3288bdef00e9ce412d7b1e,1,1,0.6577413155172445
71f7c90664c1b31314fa237a65086bd1,0,0,0.3177981228488559
49e1822e69c9192453a1b04128f7231b,0,0,0.36109678360625636
815e8984ac7207c142652c775f112c7c,0,0,0.22805643784047253
972bfa90c83db83f39b9ed2a7c53a29d,0,0,0.3157067801442569
ba0e7ab7309e290ecb7df9922f6667c4,0,0,0.3625655229312815
0dabbc9ea10147f3a3d83b7ea24961e3,0,0,0.2833392195462197
f729861367eb6f7633ae51ae89387ce9,0,0,0.3794574001059483
f1164605a853422cc39bd5f908c3eebb,0,0,0.4084758175678631
16184df0c9844174f30ac81d0a4aca23,0,0,0.2951197911169958
21913ff3acb3898a798b6602561e0232,0,0,0.4418068735414018
d71709060109c3c996bc07306fb14da6,0,0,0.20599669364737003
f66c955a7f3ed76942b4da0debfd6487,0,0,0.20614458953496015
211c15ca716dd6b7b915168f6c85fc02,0,1,0.6182992361210627
457048e8236892a245e376948ab49c24,0,0,0.1667871514142028
2d2323174a489751dedef1bc0486eb4c,1,0,0.3565171329425143
130720e0801cce8be03f90c7399dc77c,0,0,0.482502830073426
df47c43b1fabbd9211e464845f7e34fd,0,0,0.26878653292244586
a839d38ca93714a316dd8568da10908f,0,0,0.35698843186731416
32266b6ce65070a044125e2add23da34,0,0,0.401533718094904
43096c869671c5215629cd3f8a4d5ced,0,0,0.35985983472529975
98c7eeca7e89ede88f5b7af4b35398eb,0,0,0.24962569552194014
a20f5b3c36a4861b0fa48c406862fc41,0,0,0.24757456509757172
bb0a09e3f5301de8dd332bebf7951963,0,0,0.2535305702869706
1f230174554c56e5e6843be802efb673,0,0,0.19569425338508573
3f2fe8bd15684fef592c8a2cf46e4ded,0,0,0.2964196946054772
1808c2355b123b32893e09ca26d8aee3,0,0,0.3939560098939595
ae5bab30bc6da142a28a55881c39ac97,0,0,0.3997164378315473
c03ec8bdae99e5cd84cd57c8ec58fcdb,0,0,0.21511171102349183
02bea48a76429b156b35f4748ca9d6a2,0,0,0.36809952080778435
818d3153a9d71c3ab921816871f785e0,0,0,0.30568354622435395
ccd96c8aae31411485e8cdb06daf7e6d,0,0,0.3184421483846677
9ad2ffbeb85924efa5c8fc8c5c4bf6b2,0,0,0.33387488779839
d55ff5ede8267fd88000c92a185a073f,0,0,0.06307275780825887
d2986c69edd6f85655b3b5893dad0c27,0,0,0.27332871163808464
66842e9b809b62745ee11736450c8028,0,0,0.4208041365967932
33e5cff5185f105ed94321c147bd0eeb,0,0,0.48040160794180004
d96c781b346d5e612a989317211d15ca,0,0,0.49865473768917645
a44cce5821515c9c971ef30b77a6b5a4,0,1,0.5589793391171801
663947e828bb30132bfe966316875d0c,0,0,0.49960688191746533
17c3ce0aa12f0c30645d26140aa00943,0,0,0.4005135445677779
c069377b03270c9a64468673fd1e7001,1,1,0.8295476665794871
75955af8d0387553b870e89d502f91ba,0,0,0.3622121549354925
5fa1b6c1937d722180a895270a43e690,0,0,0.235694402544459
2294feef2496a8b54eb1a5db9a29a5cc,0,0,0.2804985956757413
367444c2b2506da24f01911870e649f8,1,0,0.24211945892699466
cae9144fc2e3e4223bde4bd8c22edd52,0,0,0.4244240289520049
ab80e973aef2b1e868578484e49bcca0,0,1,0.7062442856208271
1e9a67f011923f5a324ac68e1a6577cb,1,0,0.3663843101525813
c0f3c2d9f0e23149b06c989885af324f,0,0,0.3336783895824484
b2e7b25a47df1addeec2cc4ff5751eb1,0,0,0.39516392524507155
3ad2988794db7063670f003c0a372636,0,0,0.4210510640702127
17e088f70d1a0b9bbe270c40b840fb7c,0,1,0.5347489281749978
33bb3af90650ac2e9ecac6ff2c975a6b,0,0,0.3686324024962251
604e6364091ea4829caaf5769a70fb43,0,0,0.1069556943493109
0bafe43fe00b861734b7762d384f4461,0,0,0.2940805010191239
25b3ff50d2eef717392f8b168adc0156,0,0,0.2007400450623743
007c9311c0728c2f8de9b85f85947647,0,0,0.4124219256161309
384338f61e8d23ef8de411a53416ab04,1,1,0.6124624669815075
edd5891506e4e72f1beb5d40fa8c854f,0,0,0.10943018672198805
61ca9007fa039f4fc493c4c08b6d1c59,0,0,0.37369765077030903
d34d023dc8ac358ab2ea8f70029a0de3,1,0,0.47993461837930923
8bd280a879e47a6dd0871243816b9db3,0,0,0.35084393764812355
32ab5dfda3270f67348e8e9ff0f26499,0,0,0.3990147598251155
b6eaa4f85f67af1db1eba1f28c0fb9a7,0,0,0.3440289819889031
fb8673f298a08b77ad62e7ccc82949da,0,0,0.18838995546350124
d7046502f173b703b073a492a46b9e3a,0,0,0.04552610218352991
42b71a075cfc56806ac4c45a82377b40,0,0,0.25901056924263155
bf66a3bdf8aa388aa8b5e61aa938f516,0,0,0.21773044799341587
6041c9219b796403f9e70a6e41a678d0,0,0,0.21162331034294393
54e34064cfd7b59d28e1535df12a6fca,0,1,0.6263909975473944
7a29cb8bb20d48277daf9305b4bf7614,0,0,0.25520717887355043
7754a27aa9d99ae2a8c2404d7dc25249,0,0,0.30049971003206777
da95e74d4f65a10234991d0b0331f6aa,0,0,0.3246721096215732
66a6b1c380a49c19758fba9138699f19,0,0,0.486446459578865
12b5f3733bf9ed9fe097c7c8c43a37d8,1,0,0.23363292794154028
8a37a04f3b408516498b066333a959bf,0,0,0.2899945970343535
8589c4f42b520b35d928463d2e204cdc,0,0,0.400630508299811
ce376ac88e0facd1583841810f68d7d2,0,0,0.2293441015897958
d9166a17189024ff3503625454e9aac6,0,0,0.22075975861754646
77f790d62db4e346b6112fdd26bb26fb,0,0,0.038335785108656165
aa35ce130cce3f1a78277f22f3d14e3d,0,0,0.48420280361600626
72dbf800bd00186845a8447f4503917f,0,0,0.37139317037410413
1fe90c1d5c7e023eff90fea8a41af093,0,1,0.5097670933571201
8c9aefb7cf4efc5dd9f74a7013b2b3d9,1,1,0.6146464856036404
8ecad6c3c9a9e0ad94a14ccce487d60f,0,0,0.21736042669420538
3aa0946539349273d679cf1cbcc111ae,0,0,0.4000007527664042
41143704de966abd9a93606e6eee41c4,0,0,0.24000138965604315
2d157e7550a05f5a10c784b766b9109e,0,0,0.2892063011010502
218bdb7369734185adc61b6a0baf80cd,0,0,0.2677114068042002
93a8d3a28204f980249ca9275a8ffa49,1,0,0.4447155214909303
4ecff331f0fd7b8299946f0cee6ca233,0,0,0.3005758108891143
c84ec3bd5e20182784b1b971be72c299,0,0,0.2503489081008863
26acec8d94b39ebe8b5645eb4db4c74f,0,0,0.19910995343587115
a0a589fa5910e40f792716e5312d115e,0,0,0.35493102232272805
87071e16e1339144c9d9ed7c9d2ba4c5,0,0,0.3412950745506337
6eb1ea47dc0a4dc13cefdf79791039e9,0,0,0.34414650201990143
f816404d92b736885ee1c9d37f34b63c,0,1,0.5001352318578608
fe170451f812cb5119b89c927afa185a,0,0,0.29398628696685175
a0db0d77a1dc69d3219769b1fa32476f,0,0,0.2929465852569275
28616338f20b154fe00aef202f7b18bd,0,0,0.39428400592165247
1ac227698fcaf3fc9e3a663ae20f2c8d,0,0,0.3429270665439202
18c6fe026e6b43f31189966c5806aad6,0,0,0.20329912957589805
aeeb881aa3134654ae8340c29fbc605f,0,0,0.41245626340024033
1c06d73ee7e832c9227cf994ea570c14,0,0,0.20781243700106067
9852f7d3f07ad39551bc40c10af86f0c,0,0,0.29953979103519773
7b884666a36a743972c2f00d435a271d,0,1,0.525032626151382
d6e63d3b4e933c90f7f9205e417f5b60,0,0,0.34807015551357506
cdc1a135345d0ffea9859a5f9429e065,0,0,0.39261497419517943
853e5e548f81665c55a4d61e68948512,0,0,0.38823640110998037
af022dbd20cdf207482de970d1fe350e,0,0,0.2617975438973314
e7ad40664bdf4551c55e140bf93358c7,0,0,0.2855605167830989
938319788687c52e677d7cc5379b40aa,1,1,0.7159048565441488
32a1d3b148f675e9e9f657560c2c9e80,1,1,0.5572117491965342
b47f7e989db6b5f48bd7f229f020333c,0,0,0.3341992680729259
2210a5c171e8f67c09228e7b5ac070f1,0,1,0.524339971261552
2b988ca4b60b3a82305eae8725b393c6,0,0,0.19265752379369186
e63718081836bfa99093fe4ee2daee55,0,0,0.36268007818317805
1fa217c2242749926ed5ec9749d4229a,0,0,0.34161492941014265
0809ebd9b2ae59cdd28f9fe464468eae,0,0,0.19316196732770508
ce44cb384c6c2a7ecfd86c4509b73a86,0,0,0.17986601132400426
25e6dedb8d82fe1e59c80a9edf835725,0,0,0.29562660910086386
b9634b952b91cf9d1161782e957e1f72,0,1,0.5030801545324007
244b9226d7248015f31da70844396fe0,0,0,0.25995715652523993
53a992b862e423722863499c46727a65,1,0,0.49360733095005677
ae9730e4c155364985cf4e185288d927,0,0,0.2754645259692763
8a82b8c5c63f7a0629814e5165986a0c,0,1,0.526328364360825
284686572883bc533e55e397c95dd152,0,0,0.34783594724460826
629f1257d61488c126dd7944c9f4f34e,0,0,0.27716010812809666
6c227787a4a8d29d9659e7a7ecf36c37,0,0,0.09985928761017783
10ab25da1f9d150e0d069dcae56ddb12,0,0,0.2629155040538626
b583694e70d59d7cfe5873869111a649,0,0,0.2269836918395589
100acce7bbfb026b87443f605ed07af4,0,0,0.04928946618583943
b080187d8a482de6aef68c6ce2665498,0,0,0.2228462434629763
856e8e4ff8199f01dac363caa35abc75,0,0,0.04251938777613766
8df5643c0e191ec25ce2abe42fd7ddcd,0,1,0.5124286314868818
99c3165a9756f272693b3a7ed02552f6,0,1,0.5987690408185536
b547bd31ca84225b1b4c30be614b7de2,0,0,0.2170486523688961
f40017b07605c9855025754427a00015,0,0,0.30204268636374804
8e490d3b4a4ecea1201f56849143531a,0,0,0.18601915734394897
c7414852102c6e064703dd0484b5c5b4,0,0,0.38590076244907856
8ea690b3379d88efda6d9e7c23acc8b7,0,1,0.5081778786989926
5159aea36dad292a6dd09569d042a886,0,0,0.24220070087505188
74cca67880ee339eff25907d457ae3c9,0,0,0.4130257503948943
a8a132a6e0ce9d7e21f0f7870ab98dfb,1,0,0.46538593299340286
7dc9e391e231a01b045480a95a8560a2,1,0,0.4985978207201044
4597f4a7e41db96b905b287c53b7a86a,0,0,0.25975239027940455
6864bc2090024aee04d7b41069d610f2,0,0,0.38149421496061614
b250e9117228b3308f3b4a310499fb19,0,0,0.3909245071396689
7e7248d62095b0c3fc8d443ec671d96e,0,0,0.2726977889055721
270cb51ba394bc391d514f0371ba3d8f,0,0,0.3206935524063209
db32708c8c013dd93a07548e24608e97,0,1,0.5225018719848328
d29bd13bb7b4d311cc2b21e7587e377e,0,0,0.33753685422100416
15ebea07c540c38db55e96ee30761b8a,0,0,0.0869172519469484
feaa3846cc233a0c515b138d5b52c60f,0,0,0.09699859369069634
5058d42fb27a2a714f15a19cc356e336,0,0,0.31949581005181277
72fb2e5700bbecd5ebd5236f77094f95,0,0,0.3079189831813367
d4060b92db78e624d2b80303d80fd54e,0,0,0.28989845973040235
13d47cb0c0583d7fbd2308731b931a55,0,0,0.4181353896673496
244e97c6478fd97e599444b9af3ae267,0,0,0.3267466722061157
d3b773c344f99ef4a7a9af03f0dbb134,1,1,0.5797674306458085
afe9b344f150d5d4d6b072a81b0be68d,0,0,0.4549801988730108
73daccda18b666a444d648ecf3a84f7a,0,0,0.27232807700430195
417dace351647edd8e8ade3b179fae88,0,0,0.4326352419390678
cebb841bd3f0e6891f39dbebcdcca33f,0,1,0.6217379456139683
fa47b7cfa7c8aacf4382fb5e8c389404,0,0,0.25985959506283085
8f3827eb9e3b1a91e2f24448267d5434,0,0,0.3652485991117691
3f261a904e5ade083a932454b81781a9,0,0,0.3299188581400305
2cb6ac64ad7fbbc056a671ed14d9d0ab,0,0,0.16938961738988037
20ef579dc0ae3d4fee434f6adadac00e,0,0,0.35061715756738016
0f5d6384b8b190d534d92c6b5470cd43,0,0,0.42451119197560316
1d3dacc3673636865813ee1209849606,0,0,0.20431692147742184
6cab1fa4bd8d74393f6ce10b937f11c6,0,0,0.36588240323855475
4492e2114b3a5398c6da52ac53b69c2c,0,0,0.24688261345516474
b42f2977a6a6f0e48885b8c3e90c4c4c,1,0,0.3135619179975346
901f039326b6cfa2db06c743ff2eba3b,0,0,0.1580402145360814
25e0bae3ecce8a5a8cbb3ed0d98502c6,0,0,0.4604681497335685
ebf7a69a1fe22612c2953f2d83903ef2,0,0,0.16840670714182968
6446faae54c096dea69725a0a259c5de,0,0,0.29705652791580195
577ef85e57140449a0bdcee59a5ddfee,0,0,0.3918093890785841
45950081a8da5dabdf4e05c7b7cbd5ac,0,0,0.3123614513837966
e7aadef63cb58349b37213a8ef62fad2,0,0,0.21701436102834845
3beb7a9262b1e77bdd8520a546e7a579,0,0,0.4615399917915493
93ff590ed1b7ad29b54b11bf125663ff,0,0,0.4192397303523488
2209816a40e6fdcb1e1f8f8cf98557fb,0,1,0.5552609313278547
fae47bdcf2ab24bb433766f15c4afefe,0,0,0.42836369349423636
80448f807c61ae97927a0737a263083b,0,0,0.38903082393446814
f5108482033b81f685f19222fd0ced07,0,0,0.3074329491870853
f728751ce097225409601816d20069b6,0,0,0.24892320706121282
39df11299dcf046d65bcf5befaaa63a4,0,0,0.2735935890965981
787cb59e7e19fd4c0b749f66a6cbc447,1,0,0.34585749215320505
48fcb3eb36745f6644ba7ddc4a6c864d,0,0,0.12260823229440314
29996ceb6f967c4f8e447bb7c6d13d99,0,0,0.35549481332807564
f83c1ab1ca1d1802bb1df4d72820243c,0,0,0.4058991296098393
90016807e4376724f6568645b96eefe2,0,0,0.4084460089004599
ad80df0b21d99bf880edb18c3de9545c,0,0,0.4355683764079182
80db71e10826279a24e03a2c01aa75ec,0,0,0.31574167269692394
fe103144f0b747ad601f97e7fe8bc661,0,0,0.2949816264472126
965a98dc582ed60b428da8a660091d84,0,0,0.3476771543616881
a75eaa8bda0cbca306cd88c640fda86d,0,0,0.410240443780348
48fcdcc2dc2d41552a5c547447b984b4,0,0,0.22409967080435603
d30a981f451bd361dda580d4ec68c913,0,0,0.3692190557517175
f9b64894e6d303f1e34e396ccf3c58e0,0,1,0.5335053544022115
c81ee2dc4086e39cfdceb07b143a6c4d,0,0,0.30478077360144357
a955c76505954c395ffd0ca85f473801,1,0,0.3872922937935661
79cd5b06e48a40bd77dcc0823606ba19,0,0,0.22267610187560657
24dfc7b26136d8c940fa15e0c05bde55,0,0,0.32753457216397236
8066f54e212eb4083a8a943fc8cbabda,0,0,0.3443596064444004
d4290a6a226db17b4b0dea36fbe81047,0,0,0.2782264352694332
cfaee6e4ff12a68c7a05dc934a0e1486,0,0,0.4965908131130462
6a7fc6a55f2797ceb0ce6655f9e6ebff,0,0,0.3388375304571236
c6dde2a3b309415599c6357e167b6831,1,0,0.38762679617340573
555fb4d151954924472ec4d5e49bdd1f,1,0,0.2811157247062612
aab99b3be145225dbff8551b256da9e0,0,0,0.406587552444679
24dcccbd13ae257c43a8bdb8c6ce1926,0,0,0.27558652337804934
19dc1ad329ecf0472880087710a5b595,0,0,0.14077647061938087
0a762dc6a4a3557da29720d1ef42d5ce,0,0,0.32240833846365036
ec347896a921496a9373e0d26dd942cf,0,0,0.4049347291814109
af2cd82c9e8b991d878c4f8cb56f7aa9,0,0,0.4153382133923853
49365c66068162cfa8ea444ead263eeb,1,1,0.5589421706846267
50e5f097f133a0b1d56d52258116ecbe,0,1,0.5402626431797395
a9cbbea132661a815d057ad166c83f91,0,0,0.42766570125982994
8237740ba2c4abf1833cb276ecc4b049,0,0,0.332318849105314
8cf823a1d2b545727ab75934ab8826f9,0,0,0.36229346529514495
41ec902a4b928ed4ffddaae3f7dac5bd,0,0,0.2910140570563096
ddba9e5c15c9d384dee874cfb7804daf,0,0,0.22209640101825323
2b8479c04797b7a5ab5aca311e7ea43b,0,0,0.39367557012842197
3b23df16ebc65f1321e1e9b1bb8d146d,0,0,0.17920811139427453
714e67582559cf64ebdf575a1cbcb52c,0,0,0.35496660339469605
889de1c323f20da0724575ecbdfafac5,0,0,0.34216200084180864
12aa428132db68cc12c19a57f3e92df2,0,0,0.3626259138874463
0837410cd591a8251ae88759b3d441fa,0,0,0.3134480955898032
68df446278ec6043dea13bdcae340b0b,0,0,0.425246211783913
f19a9d7054ab206800c0b852425a4726,1,0,0.31903658216206326
17a12797275d5c15d3670322a485ce0b,0,0,0.3859469955974668
21adcb5571d4390b0e18374f7523a4fd,0,1,0.7078756542871052
231a378d794c388be7ba4002f1999903,0,0,0.2819153535667396
617cfaea84abb1f40a694b16bdfb0b25,0,0,0.47343657576054377
c7411c584fa28b609cfd3a7446e3fdce,0,0,0.18925894155782572
59a49e2458b469c482f5f83bab6dbef7,0,1,0.7432215840738732
a2ace9fcb5f6792cca5ff181c4bae3af,0,0,0.21553242733318217
408d4c1b0f158623499c3461126e7e24,0,0,0.21453586959393178
479da5e8e1cefadc2c3e976d9e8ba8c9,0,1,0.5135632135523986
538a4169c86e2f360ee2cdc08d087389,0,0,0.3930227417586152
1339f644dee3e85702f91155b7073d5d,0,1,0.5673071521838248
705deb9a36516ac6202f6574ad97789c,0,0,0.21983969271721038
b7dec2026097645bc0fce062198a0c39,0,0,0.30905091133124507
99cabef6e202b7e81a0c0f546b95c3fc,0,0,0.34896277912447266
e54283f956d3de76d866711b96043218,0,0,0.24458070507650256
0f26ec5c55b16341d7f9d7ac4ce9c2d2,1,1,0.7234195925138006
d70d97dd7fa745a26bcd6ede30faf3b4,1,0,0.273577202932021
e4cd4093749a27b8266376789f22040f,0,0,0.3640917910093036
7486994ca74eb69e7403d3cfa90b57be,0,0,0.34921268366714414
21fbf5868d9da64acdb98a2e757263c1,0,0,0.35587087997699635
3567ddbffe58b7de9cad6cc96ba032c4,0,0,0.3493581519991517
2dd8a252c27ab939b0346c2e8ab31d6d,0,0,0.3632856539077621
b450ea0052f60ab82e3d8f489b881b06,0,0,0.3928548110704101
780e553d18f912c549d71f60f6e8e95c,0,0,0.48180264860202293
60239a9799513b01e443f69d9be25c8b,0,1,0.5891352862112033
ef1c96f32f9d4199ed53f77eac6fb8a3,0,0,0.4362444675524493
1fcdc182bf0923189c88bc1954d1bc8b,0,0,0.2714735260729622
33646bf1413d0830bbe29c6e05fa71ce,0,0,0.2573491951871323
6e81546787e3f5bdecd242b167355a52,1,0,0.39352843913038416
36688534560028f8d26d9fb865e8e8da,0,0,0.24340215302113757
7f36bb3edf33f165dda13ffd2fe0e052,0,0,0.38666349454798504
c6690545064757a42e8b596d7cce9d57,0,0,0.2823351226232676
507f2a3921b4fd4be2ad0326e1e80fe1,0,1,0.5900369793615386
b5e4297208423c295c5f5c84e11151a4,0,0,0.0736567186362133
ac527ba7106e9d5d08511f46848e8ebb,0,0,0.20418588875256172
fbf22683f4b1b942b5f949a3715ed4ca,0,1,0.5118930434075091
2c87cb335c487355008bf56205d8ba2f,0,0,0.2710956753316607
b8b7039f339d0909d1216f4a9a07dd1c,0,0,0.37127435882660004
b5620a23adf68316f1b23a2c4416e419,0,0,0.3224884736176032
5b02230dde9ce8ea2c393c246e9bf3e4,0,0,0.3590704912056309
1da8be069526d166b7cfd15284c68873,0,0,0.059282583603059734
7822982cce1f6a7bc45f66fe048ef344,0,0,0.3840080942887344
7fe8a4e2d1a9586fb6a834adf07a746c,0,0,0.41757033953442824
acdf693a0520c1f28b8d36b1862d4c0d,1,0,0.2215115437050315
ddb04ddd12ba89a54ac2bdab624334cc,0,0,0.18261312175617872
53725900d03b5614f03df2bef1c16059,0,0,0.3417959272723713
624281883f300f1a818957897f1f85f4,0,0,0.42847122165961826
c32ec55d5292f5e6f1942365120a779a,0,0,0.28654496514037836
8e77e748c53e1a5695df9f8ae264439f,0,0,0.475905545018563
9fd4d5644d05ddeb363629ec74d11f53,0,0,0.2997460685805806
a5afd5490d8b22968081633edc4a937e,0,0,0.2504293836046246
d82b515628f2c6f321e4f36192e95284,0,0,0.2561353951735137
5ff3671a948d820fc035268f429088f2,0,0,0.30913576084630146
0473ed84b7aef18393742d0bd7810730,0,0,0.23811702225859965
afbe2fe77ffb23d087f24c810ed76408,0,0,0.3421708882948037
ebb88fefd48b8578a3ac252f10984048,0,0,0.45173255461061457
d3440c68e9a1a871c31725262f71ac7f,0,0,0.4079075506695499
102d1fa2a3cf9e1d3c218f6c77a97443,0,0,0.0830719582966167
00cc5688ee8c98545229094b3454b025,0,0,0.46454446397239574
c5b9fe7fd8d3a6f5d06fd40103dbc3e7,0,0,0.356430599432735
09da56b05bfe611d9633d06055510aae,0,0,0.3472191070622727
f29520a74a0d5a59625553fec5725b11,0,0,0.2564790362034157
6ad53d7d8e889ac5ab882d8b9ee31c64,0,0,0.4480263390550252
5f4d24df8d4cc044eefcf8fdc6c26a35,0,0,0.2967508761335588
acc2472a72aaf758bb2d3831b4efb94e,1,0,0.2890383049688928
106a16564a424f942671056da10466a5,0,0,0.29074923374673584
fda62c7fca8f550919eed3b09637ed74,0,0,0.24191047037074767
e61094ac24f62186d1cfa092ee551d11,0,0,0.3071316232483509
42505b500eadb7287c28dc1f67813877,0,0,0.10186617638711484
9e3babf2eb63ca2c46b046e27382c17c,1,0,0.40428898375359035
ccc42440edd23bf9d5090dd738a03fc4,0,0,0.24893246373808167
c757fcc265dfc1f8900771b4abecc0d5,0,0,0.3093375859852337
b8e315d95edb3672d6d7520d29049954,0,0,0.34245799165337076
4b382802cb63dbc2670a6643ddc64a3f,0,0,0.031559091203888355
c0d80b056fc24f7075ca38ac192850fa,0,0,0.29300293281059164
44a238c8f49558028e4eef3f0d7e0c34,0,0,0.4488825195585557
63c0493d9da09f77ec1e1ba69bc4bbb9,0,0,0.2682676251563831
0284068dc17b8051bb8603e27aaeede1,0,0,0.2237377933396
381b9fbff3245e828cfa88f6ff72bb24,0,0,0.312499760266931
dc0d8ee4b5d29e46b326bea2534fc829,0,0,0.26811845260746203
68591d6c1ec429dab7459090581f7ff1,0,0,0.25711060602406105
38b8d6e2d2c8b74e9dd0cd4add902d3f,0,0,0.32955830958967136
9f3ec6c792c4b39d7b65877af16a4e68,0,0,0.32874008434544527
681a1914f18e8b037196e5a37baab978,0,0,0.4459403322532398
c06b5a36a953a29d44dfd4c646275805,0,0,0.11295573486321757
383172cf5f91b1e9c33434823e1dffc6,0,0,0.26445280592580395
9f1f1b677577d4334b38b959078b40e1,0,1,0.6122810420924671
ee0593ecddfcafea6b4ff1bcab291824,0,0,0.257357991235062
163973b217ea25ec93b37006935c67be,0,0,0.2600616723360225
4d2efc98459220671b4f08c24a209720,0,0,0.3006452621764341
a7fe0fba6e09bfed4a006df2ebc05790,0,0,0.0648046692703043
6e1f99f626617571e9a092421be10979,0,0,0.44722626323960385
419cc98ba62aa40f306543c6b43228b8,0,0,0.2587076372144104
8cdf68732a5019d2514d22db0526d654,0,0,0.46288425059517097
78470096f7bb7201288517d7af6bc36d,0,0,0.3098915261888873
f2028218cdd2cb79f565e74e86c5200c,0,0,0.2581158855178574
36920cefe08ec432e88ee8261c2f5ecb,0,0,0.3683715588787632
8e8d3e19de0d66e49cfe9cddbab7b47e,0,0,0.34810350862509604
4ebd385ba21daa551bee01abfe090e01,0,0,0.4930822201929152
ab60a01b4962a478fb9ea9278b5b9205,0,0,0.31673113796469865
cb17b61b5dbea7326469e2a47f6848d3,0,0,0.006071965445416811
e8048281bea8ef913fda1b8823613515,0,0,0.32922610092074
2c8a14a37eff4a9cc187964e3a026849,0,0,0.29118848511866147
1ba191fd34befa1852e0a21e919529af,0,0,0.399518966603067
978b1cbc4e4b00d4c515d1b88fa32738,0,0,0.2588786776640474
4e6ac7eaaaa1b9b494accd69afc90d2b,0,0,0.24891692441307897
357f9d4215fb7c622eea82c1fde82e17,0,0,0.3458775066552143
baa8ceaed06103a4fe49694db96df9ad,0,0,0.2151484768030138
c9a1ad214f3512f1f680e87db2f2695a,1,0,0.33933632518474405
b2690c9f100b53d7a98f7a86f126a468,0,0,0.3923794052694622
f4813dc46146e4b7b9f1934c6100b7d5,0,1,0.5962128271669717
4c98c1fc698c21bb44aeaae8f24e5cdd,0,0,0.11126258532280237
a4198f4690efc4d1b79d7acc03c8c441,0,0,0.2760033181438752
21960154db1345eb92f661b8cc73a784,0,0,0.16257584844613582
b6594ca8bba4457159ad6923c6aac0b0,0,0,0.33789653093743666
78c1ef0d04fc18420852b1cf669c3fa8,0,0,0.37100573293389344
106efc072d49cdd6e61d107a91f12a0e,0,0,0.40130323283793373
efd5bfe81cc7039d95f48e21a5b3d591,0,0,0.4086829653064572
2f81f4a06adf79e35c359caf92aa0d44,0,0,0.33073435321629147
718acdf02e58207e68037dbaf2d125e5,0,0,0.37196022435862264
593ac45269496a3e3bbcb2c872685081,0,0,0.011519330575216164
2588b07b03b83fbb0930f5ba1ee6d8da,0,0,0.31566467046189084
17a5cb622e6caeec54162273cbcd26f7,0,0,0.44465663606346717
d8cc5df7e1728068f8a638799894e813,0,0,0.2120627236977927
e675e20b4959d589dbd85785056e0ed7,0,0,0.15336381143428635
53a53c7b5a3910a8d31abe59743fac3b,1,1,0.5289253739129826
c1da93facc4796dcd0875389e7c0eeb6,0,0,0.3953684577149879
71e4d5712134c705711e093c38d80c87,0,0,0.375151816082832
c26b801f6ab221769a8cb314155aa524,0,0,0.22282689714201076
1ebd36249803a62c2150b67256564aee,0,0,0.09898609230398302
beda9321247f3bf9f213cd0c972f3bb9,1,0,0.23690508556567638
e9c52f5624069dd2ba2dbdac4b63a161,0,0,0.22687294745431186
a8a5bac3319f2fd3a70a01028b661c20,0,0,0.2344252047565981
8aa250768bb465fc64155b2b1e41cb98,0,0,0.39160387787184675
ec992270e383fe29720c30770543440c,1,1,0.5180395197700243
91fa5ede173544e8f99b4c609609f489,0,0,0.035733761192069745
072e33a1598dea3496d6b46ef148f4d1,0,0,0.3581776198570293
442ebf516dc80fdf07c486deb7a9c9cb,0,0,0.29654238022853346
2dc2c9a9f6e6896d9a07d7bcbb9d0ce9,0,0,0.15278326959282829
eb2cedbe199d54676be70a2202da73a7,0,0,0.32608082707554975
472e04449cec7af6541e9d370a3a41be,0,0,0.27698254104121406
96161538374a6215cf0f34fd52857688,1,0,0.4117334427802421
b7cbfce13126c951f2a7f4a8642d61e2,0,0,0.2707893230462234
2ed36a1169ad2d146d112aa00d62c679,0,1,0.584305925093188
64701769e49da5475a7908ba41c143f2,0,1,0.5751043687269831
806ca4d1c0eb769257096f164567ff53,1,0,0.25912518689435515
76865e4cb2e19275b29b904baa80bb11,0,0,0.41942271625314254
37d8bc9993b445922a8ab3a2ade5a8fe,0,0,0.25237728937414017
45e0bcede4acdd13bb2c8c37b69f82ac,0,0,0.4893612221843646
6a80819cda06292fa636a742a017d46f,0,0,0.44785613434453425
31f915bb350a5c3af1b13bbfa194e17d,0,0,0.26426082577715565
421b289465d8cd83e6c496f6bdca8991,0,0,0.24868398882679557
55a9af906955dea5890981a2d4525430,0,0,0.20197931813627754
1dab285702d8f4b01320d9199e8c7f9b,0,0,0.30282386206333883
f8c4836acdc47640dc637cc72c7c2b14,1,1,0.7327044802223844
8ce3508347bc473ff87febfc48be1079,1,0,0.4806182065031749
0bdfd2c399281ca44bc8c9fc0a365eec,0,0,0.27822464148043424
b016b3b292f6a6af40285fea3ac6b15d,0,0,0.27084911294151737
e552ede3ad6271fb73560fc530681c53,0,0,0.4163320596580145
737e5fb43d730e0dd9a6c2f35dcc6f5b,0,0,0.39960670694916195
681aaf6d3ed216ce239875c4f1c0311b,0,0,0.2903812771358969
2bee185fd8c4f66c509d16a7444abe2f,0,0,0.3885731588754606
68067d497ec0ed8776f48088a6dea17c,0,0,0.27283532744507294
879e90320ffa3735fd8fc00bcd3950fb,0,0,0.3120239520633296
233d14de9aba08df6d1514e752a4979b,0,0,0.44771339137673943
31a596a935f6fdaf883317afe1d92504,0,1,0.5719643365818139
8ea6b604cf2720eb8f393cc7d0ff5c80,0,0,0.31697790002078036
b8530e60a5ce15e64108b2fd052b4bf2,0,0,0.10671319263166161
34ac6e349a9a3c7a3ee1058d8a2320b2,1,0,0.20715751868634605
b8262225f1149ecdb364655689e63b75,0,0,0.4251208085494455
801f16a89a0654dc33f95ebedb20bed9,0,0,0.2983494108304121
2a2e2b6c2699c64a149cc15746d66c98,0,0,0.2783411431457171
3504ff59abad19295b7225a57732a905,0,0,0.33375677880936544
7440440db996e5381e0157442ded13e9,0,0,0.3604208851672012
95b6ef6045a9f86d84859d2e6e978579,0,0,0.2439632845879224
dd7f2f009f7dd5e577aaeb6062ff50e1,0,0,0.3003944848623376
0c1b6dfc640f2dab8a3fae408383289b,0,0,0.45236325937242333
5c89a926f4606bd126f2e1b8b33b9b6c,0,0,0.3836499315198135
f51b76791c92846c227110974506a63d,0,0,0.31422344405206815
61fe9bd92ec4da67da6d9ef7509c3bb7,0,0,0.4056657847149717
8693b60cdf1e9183d9605d495da00c87,0,0,0.42822606968359883
7c2710068bc7347d2bcaa9016ab5f14a,0,0,0.22049106927327655
99dc95af474572dfbc7e4144b0d10944,0,0,0.3493417175441714
0d7f36d327144f9fa8a0d9e6245cee8d,1,0,0.37999273022012536
673eacb6b600ce82bd035d7cf21ffd97,0,0,0.3866249907705333
4ba33cfb7191beb8c02243dcc0702e53,0,0,0.2942795785291459
3a2c9db5a37b338adadf972f73753fd3,0,0,0.37731180753928206
0d935a284bafde95ca1e649b95a1de45,0,0,0.47484241341311945
a355ca85d1eb8a0ad2071495d56687f7,0,0,0.4041805216236192
e04478a9b16bc6b89fbfc43eff8708eb,0,0,0.10352927551984287
ae0fcefaf22945dfccb6b89b1c12d24b,0,1,0.5722445113287951
b7faa3f027891a61984e0b8478608ee7,0,0,0.21489853964970734
a744e6b60ebdeac2745b008c60f777ae,0,0,0.017238077052161394
2673115a4c1c6284c8c222408e41ada4,0,0,0.3727560953968261
e0fd3f2b74d68e661a2468d351ea88c8,0,0,0.08702212992647346
f1716d737dd3c979c80f78cbc9f77902,0,0,0.19005598305520316
b55c63a963bb8bff872864cafd085881,0,0,0.28227733536396893
8d866ffcc268c9f664eb4e728290c8b0,0,0,0.46006473198555153
b6ee05422f6481880e167517456d1139,0,0,0.4567689331606729
